product_id,product_name,category,unit_price,inventory_quantity
1,Educational Car,toys,303.43,267
2,Classic Jeans,clothing,183.25,667
3,FUN CAR,toys,379.98,998
4,Wireless Headphones,electronics,89.48,674
5,Illustrated Guide,books,267.35,119
6,  Colorful Blocks ,toys,42.64,175
7,Illustrated Memoir,books,362.95,2
8,Wireless Headphones,electronics,125.23,276
9,Hardcover Anthology,BOOKS,233.27,935
10,Interactive Doll,toys,414.84,683
11,Stylish Sweater,clothing,24.85,29
12, Classic Sweater ,clothing,203.49,387
13,Smart Monitor,Electronics,14.84,845
14,Colorful Puzzle,toys,16.57,599
15,Stylish Sweater,clothing,140.38,505
16,Educational Blocks,toys,397.31,801
17,Elegant Rug,home,282.48,414
18,Hardcover Guide,books,68.85,120
19,Colorful Blocks,toys,58.23,720
20,Colorful Puzzle,toys,121.51,943
21,Stylish Jacket,clothing,237.0,53
22,Hardcover Guide,books,94.51,275
23,Elegant Rug,home,435.59,881
24,Compact Headphones,electronics,358.2,316
25,Fun Puzzle,toys,458.32,966
26,Fun Blocks,toys,39.04,225
27,Stylish Jeans,clothing,325.33,323
28,Smart Speaker,electronics,119.53,748
29,Elegant Table,home,115.09,96
30,Wireless Monitor,electronics,410.96,423
31,Stylish Sweater,clothing,311.36,188
32,comfortable sweater,clothing,188.74,785
33, EDUCATIONAL CAR  ,toys,453.59,278
34, Smart Camera  ,electronics,354.61,428
35,Classic Guide,books,305.92,507
36,Educational Blocks,toys,433.76,418
37,Elegant Lamp,home,460.74,120
38,Interactive Doll,toys,328.04,759
39,  Elegant Rug ,home,387.18,100
40,  Hardcover Novel ,books,291.28,623
41,  Fun Blocks ,  toys  ,415.72,933
42,Wireless Speaker,electronics,344.27,898
43,Wireless Headphones,electronics,481.92,519
44,Stylish Jeans,clothing,494.23,474
45, Classic Memoir ,books,198.39,927
46, Interactive Puzzle  ,toys,43.88,647
47,Modern Guide,books,213.55,351
48,Classic Memoir,books,497.37,578
49,Cozy Rug,home,184.14,233
50,Illustrated Guide, books  ,265.67,603
51,Illustrated Novel,  books  ,208.42,508
52,Interactive Blocks,toys,448.67,234
53,Durable Sweater,clothing,134.27,682
54,INTERACTIVE CAR,toys,467.69,735
55,Fun Car,toys,33.76,977
56,  Wireless Headphones  ,electronics,421.93,978
57,Stylish Sweater,clothing,26.9,168
58,Portable Headphones,electronics,402.09,356
59,COZY CHAIR,home,93.21,95
60,Compact Camera,electronics,232.1,684
61,Colorful Car,toys,465.32,311
62,Colorful Car,toys,363.45,464
63,Elegant Rug,home,84.82,672
64,Colorful Doll,toys,309.74,689
65,Fun Puzzle,toys,43.32,92
66,Smart Monitor,electronics,50.36,984
67,Cozy Chair, home ,236.92,328
68,Compact Speaker,electronics,185.41,571
69,Elegant Table,home,332.86,834
70,Cozy Chair,home,30.07,459
71,Classic Jacket, clothing ,293.16,330
72,Modern Rug,home,444.77,599
73,Modern Memoir,books,296.28,569
74,Classic Shirt,clothing,416.73,524
75,Colorful Doll,toys,390.22,704
76,interactive puzzle,toys,248.26,466
77,Illustrated Anthology,books,391.6,949
78,Fun Doll,toys,495.19,530
79,Durable Sweater,clothing,248.73,91
80,Smart Monitor,electronics,244.02,400
81,Compact Speaker,electronics,492.53,965
82,  Fun Puzzle  ,toys,276.79,240
83,Hardcover Guide,  books ,14.42,874
84,Modern Memoir,books,493.54,57
85,Classic Jeans,clothing,98.0,316
86,Wireless Headphones,electronics,60.1,28
87,Rustic Table,Home,413.37,17
88,Illustrated Guide,  books  ,374.68,232
89,classic novel,books,248.35,844
90,Smart Camera,electronics,388.3,834
91,Modern Chair,HOME,44.2,407
92,Colorful Car,toys,75.4,302
93,Interactive Doll,toys,6.99,404
94,Classic Sweater,Clothing,323.48,832
95,Wireless Camera,electronics,80.95,160
96,Rustic Rug,home,23.2,274
97,Durable Sweater,clothing,270.76,29
98,Illustrated Memoir,books,8.58,576
99,Hardcover Anthology,books,259.53,400
100,Hardcover Anthology,books,224.24,509
101,Hardcover Guide,books,331.31,457
102,Classic Guide,books,277.2,942
103,Illustrated Memoir,books,371.26,990
104,Rustic Chair,home,108.91,105
105,Compact Headphones,  electronics  ,306.32,456
106,Classic Anthology,books,427.78,87
107,Modern Memoir,books,467.56,733
108,Rustic Rug,home,210.62,815
109,INTERACTIVE BLOCKS,toys,304.22,966
110,Educational Puzzle,toys,14.34,82
111,Comfortable Jeans,clothing,310.3,174
112,Modern Table,home,60.24,908
113,Cozy Rug,home,231.84,210
114,Stylish Shirt,clothing,139.17,265
115,Durable Jacket, clothing  ,139.39,145
116,Rustic Chair,home,301.05,728
117,Compact Monitor,electronics,272.14,608
118,Fun Car,TOYS,104.4,668
119,Rustic Lamp,home,361.49,345
120,Comfortable Sweater,clothing,244.28,531
121,Colorful Car,toys,357.92,219
122,Elegant Lamp,home,58.51,258
123,Elegant Lamp,home,47.28,582
124,Classic Jeans,clothing,370.13,718
125,MODERN LAMP,home,237.0,84
126,Interactive Blocks,TOYS,107.3,317
127,Illustrated Anthology,BOOKS,325.44,371
128, Classic Novel ,  books ,475.81,119
129,Portable Camera,electronics,198.51,376
130,Stylish Jacket,clothing,467.22,490
131,Educational Car,toys,87.94,538
132,Cozy Lamp,  home  ,351.7,758
133,Classic Sweater,clothing,41.23,823
134,Classic Jeans,clothing,422.3,218
135,Durable Jeans,clothing,185.85,887
136,Rustic Chair,home,423.13,775
137,Modern Lamp,home,220.81,825
138,Compact Headphones,electronics,179.38,550
139,Educational Car,  toys  ,80.62,484
140,Stylish Jeans,clothing,46.54,332
141,Smart Speaker,electronics,250.48,259
142,Durable Shirt,clothing,122.79,847
143,Educational Blocks,toys,339.12,547
144,Classic Shirt,clothing,428.76,942
145,Rustic Chair,home,208.89,105
146,Wireless Headphones, electronics  ,251.49,829
147,Interactive Doll,toys,168.4,130
148,Colorful Puzzle,toys,100.16,77
149,Portable Monitor,electronics,240.9,154
150,Classic Anthology,books,382.02,642
151,Educational Doll,toys,465.67,560
152,Illustrated Anthology,books,98.83,425
153,Classic Anthology,books,151.74,353
154,Wireless Camera,electronics,41.8,503
155,Colorful Car,toys,69.37,510
156,Comfortable Shirt,clothing,124.36,322
157,Rustic Chair,home,263.61,270
158,Modern Lamp,home,450.39,967
159,Smart Speaker, electronics  ,457.05,562
160,  Fun Blocks ,toys,459.47,183
161,Classic Jacket,CLOTHING,494.4,945
162,Wireless Headphones,electronics,21.9,434
163,Compact Monitor,electronics,467.68,355
164,Compact Speaker,electronics,375.41,518
165,Modern Rug,home,102.36,450
166,MODERN GUIDE,books,192.3,162
167,Classic Sweater,clothing,160.73,318
168,Compact Monitor,electronics,187.48,434
169,Hardcover Memoir,books,424.5,117
170,  Classic Jacket ,clothing,97.18,437
171,Modern Anthology,books,346.96,34
172,Elegant Chair,home,18.57,86
173,Wireless Monitor,electronics,352.89,416
174,Classic Memoir,books,429.55,125
175,Hardcover Guide,books,207.46,547
176,Rustic Lamp,home,443.84,415
177,educational puzzle, toys ,209.33,716
178,Rustic Chair,home,88.72,26
179,Wireless Headphones,electronics,337.43,224
180,Classic Shirt,clothing,153.7,444
181,Compact Speaker,electronics,446.8,602
182,Interactive Puzzle,toys,49.07,32
183,wireless headphones,electronics,163.01,527
184,Classic Jeans,clothing,481.93,975
185,Interactive Blocks,toys,312.98,691
186,Durable Jacket,clothing,414.7,919
187,Smart Monitor,electronics,342.76,565
188,Compact Speaker,electronics,112.83,210
189,Interactive Puzzle,toys,26.6,957
190,Cozy Lamp,  home  ,167.93,628
191, PORTABLE SPEAKER ,electronics,8.5,171
192,Hardcover Novel,books,375.75,517
193,Portable Monitor,electronics,30.15,885
194,Interactive Blocks,toys,349.51,492
195,Classic Guide,books,469.26,909
196,Classic Guide,books,321.5,656
197,Stylish Sweater,clothing,441.63,728
198,Cozy Table,home,437.94,232
199,Cozy Chair,home,147.23,774
200,PORTABLE SPEAKER,electronics,87.41,541
201,Durable Jacket,clothing,429.89,536
202,Wireless Camera,electronics,367.55,792
203,Fun Doll,Toys,293.5,826
204,Rustic Table,home,21.97,228
205,Wireless Headphones,electronics,327.71,801
206,Classic Sweater, clothing  ,457.25,974
207,Educational Doll,toys,394.2,66
208,Interactive Doll,TOYS,352.47,723
209,Comfortable Jacket,  clothing  ,40.85,429
210,Durable Sweater,clothing,380.28,527
211,Portable Camera,electronics,285.8,597
212,Comfortable Jacket,clothing,267.54,416
213,Fun Puzzle,toys,461.32,61
214,Elegant Table,home,493.88,546
215, Educational Car ,toys,208.5,593
216,Wireless Camera,electronics,143.7,214
217,Portable Monitor,electronics,68.75,875
218,Modern Lamp,home,485.37,908
219,  Smart Camera  ,  electronics  ,222.69,534
220,Educational Car,toys,41.28,542
221,Hardcover Guide,  books ,175.69,441
222,Stylish Jeans,clothing,71.31,349
223,Smart Speaker,electronics,167.56,406
224,Elegant Table,home,446.53,601
225,Fun Doll,toys,369.65,83
226,Modern Rug,home,59.14,997
227,Hardcover Anthology, books  ,426.61,741
228,fun blocks,toys,35.48,618
229,Durable Jacket,clothing,354.2,664
230,Fun Car,toys,178.79,378
231,Cozy Chair,home,415.92,908
232,Classic Memoir,books,402.76,694
233,Hardcover Guide,books,217.7,744
234,Durable Shirt, clothing  ,152.44,860
235,Portable Monitor,electronics,267.67,818
236,Illustrated Guide,books,425.02,953
237,Compact Headphones,electronics,30.86,18
238,Classic Anthology,Books,165.69,90
239,Hardcover Memoir,books,249.21,0
240,Fun Doll,toys,50.45,467
241,Rustic Rug,home,157.91,768
242,Wireless Monitor,Electronics,75.36,518
243,Illustrated Memoir,books,332.65,553
244,Durable Jeans,clothing,64.55,823
245,Classic Sweater,clothing,422.42,766
246,Interactive Car,Toys,241.67,572
247,Rustic Table,home,498.5,69
248,Modern Guide,books,445.82,959
249,Hardcover Novel,books,301.05,911
250, Fun Puzzle  ,toys,331.54,117
251,Wireless Headphones,electronics,305.45,953
252,Fun Blocks,toys,112.17,692
253,Cozy Table,home,409.09,407
254,Portable Monitor,electronics,167.46,214
255,  Hardcover Novel  ,books,382.35,512
256,Classic Guide,books,100.57,374
257,Colorful Blocks,toys,206.44,569
258,Smart Speaker,electronics,478.7,562
259,Modern Novel,books,251.18,213
260,Illustrated Guide,books,52.69,42
261,Fun Puzzle,toys,96.29,448
262,Comfortable Jeans,clothing,114.23,520
263,Modern Chair,home,243.09,677
264,Hardcover Novel,books,298.55,284
265,Durable Shirt,clothing,499.95,335
266,Hardcover Guide,books,32.18,799
267,Wireless Monitor,Electronics,146.5,381
268,  Comfortable Jacket  ,clothing,349.82,341
269,Comfortable Jeans,clothing,363.93,402
270,Cozy Table, home ,343.63,740
271,PORTABLE SPEAKER,Electronics,340.2,667
272,Portable Speaker,electronics,327.31,817
273,Interactive Doll, toys ,294.22,900
274,Colorful Blocks,toys,291.23,504
275,Classic Memoir,books,461.49,851
276,Fun Puzzle,toys,78.5,691
277,Durable Sweater,clothing,269.13,914
278,Fun Blocks,toys,188.95,323
279,Comfortable Shirt,CLOTHING,127.6,1000
280,Stylish Sweater,clothing,42.32,209
281,SMART CAMERA,Electronics,215.05,461
282,Elegant Table,home,463.23,655
283,Colorful Car,toys,159.41,680
284,Stylish Sweater,clothing,223.96,860
285,Smart Speaker,electronics,441.55,500
286,Interactive Blocks,toys,218.04,383
287,ILLUSTRATED NOVEL,BOOKS,89.1,303
288,Hardcover Guide,books,310.29,612
289,FUN PUZZLE,toys,175.58,273
290,Stylish Sweater,clothing,289.63,897
291,Illustrated Memoir,  books ,172.44,262
292,Elegant Rug,home,421.42,669
293,Illustrated Memoir,  books  ,292.94,948
294,Colorful Blocks,toys,407.94,216
295,Classic Shirt,clothing,247.44,55
296,Hardcover Novel,books,314.67,62
297,Rustic Lamp,home,336.38,126
298,Compact Monitor,electronics,391.17,515
299,Comfortable Shirt,  clothing ,340.23,967
300,Educational Car,toys,386.23,586
301,Stylish Jeans,clothing,267.37,465
302,Stylish Shirt, clothing ,72.45,610
303,Interactive Doll,  toys ,387.13,336
304,stylish jacket,clothing,220.62,940
305,Rustic Table,home,448.89,451
306,Smart Monitor,electronics,336.16,403
307,Hardcover Novel,Books,35.48,182
308,Classic Jacket,clothing,203.5,549
309,STYLISH JEANS,clothing,495.53,911
310,Classic Memoir,books,307.56,754
311,Smart Camera,ELECTRONICS,180.18,173
312,  Illustrated Memoir  ,books,197.04,755
313,Illustrated Guide,books,93.57,55
314,Portable Monitor,electronics,397.81,118
315,Rustic Chair,home,463.14,498
316,Portable Monitor,electronics,15.62,870
317,Illustrated Anthology,books,420.85,839
318,Portable Speaker,electronics,365.88,934
319,Wireless Monitor,electronics,409.39,132
320,Portable Speaker,electronics,125.45,797
321,Modern Lamp,home,313.47,195
322,Stylish Sweater,clothing,436.46,275
323, Hardcover Guide  ,books,438.54,779
324,Stylish Shirt,clothing,173.62,908
325,Classic Memoir,books,98.98,518
326,Colorful Doll,toys,390.89,546
327,Portable Camera,electronics,215.95,842
328,Portable Camera,electronics,37.99,618
329,Portable Speaker,electronics,79.69,523
330,Classic Sweater,clothing,425.17,512
331,  Compact Camera  ,electronics,349.24,115
332,Cozy Table,home,475.73,328
333,Illustrated Anthology,books,346.44,911
334,Cozy Chair,home,298.65,132
335,Elegant Table,home,390.76,131
336,Fun Car,toys,472.8,521
337,Portable Headphones,electronics,467.21,148
338,Interactive Blocks,toys,195.35,889
339,Educational Car,toys,9.95,474
340,comfortable shirt,clothing,69.18,784
341,Stylish Jeans,clothing,187.11,511
342,Smart Camera,electronics,247.06,561
343,Compact Speaker,electronics,455.77,579
344,Interactive Puzzle,toys,453.2,263
345, Classic Sweater ,clothing,126.39,521
346,Compact Speaker,electronics,70.43,727
347,Cozy Rug,Home,256.98,719
348,Cozy Lamp,home,200.98,623
349,  Illustrated Anthology  ,books,402.95,432
350, Cozy Lamp ,home,31.31,116
351,Compact Speaker,electronics,287.76,219
352,educational doll,toys,300.39,836
353,Classic Novel,  books ,336.7,720
354,Smart Speaker,electronics,15.32,938
355,Durable Jeans,clothing,246.49,873
356,Cozy Rug,home,386.27,747
357,Elegant Rug,home,478.97,178
358,Rustic Rug,home,91.87,625
359,classic jacket,clothing,258.55,420
360,Rustic Table,HOME,202.28,825
361,Elegant Lamp,home,380.72,765
362,Classic Anthology,books,66.56,621
363,Rustic Rug,home,102.05,983
364,Classic Sweater,clothing,354.61,387
365,Modern Chair,  home ,171.29,649
366,Illustrated Guide,books,322.62,836
367,COMFORTABLE JEANS,clothing,84.77,686
368,Fun Doll,toys,486.4,29
369,Stylish Jeans,clothing,236.63,129
370,Modern Guide,books,398.95,121
371,Rustic Table,home,258.68,593
372,Illustrated Guide, books  ,397.7,721
373,Smart Headphones,electronics,289.18,439
374,Interactive Blocks,toys,85.14,840
375,Cozy Rug,  home  ,425.39,193
376,Durable Jeans,clothing,487.4,754
377, Modern Chair ,HOME,459.06,23
378,classic sweater,clothing,125.25,666
379,Classic Shirt,clothing,145.92,922
380,Elegant Table,home,241.36,496
381,Educational Car,toys,89.99,293
382,Wireless Monitor,electronics,407.48,68
383,Portable Speaker,electronics,128.56,846
384,Classic Guide,books,424.72,423
385,Cozy Lamp,Home,423.41,13
386,Durable Shirt,  clothing  ,308.8,38
387,Classic Jacket,clothing,82.58,37
388,Comfortable Sweater,clothing,104.4,491
389,Smart Monitor,ELECTRONICS,101.98,133
390,Stylish Jacket, clothing ,74.65,183
391,Comfortable Jeans,clothing,142.51,690
392,  Educational Blocks ,toys,48.91,176
393,Fun Blocks,toys,210.86,152
394,  Fun Puzzle ,toys,441.06,266
395,Portable Headphones,Electronics,356.5,880
396,Modern Guide,books,354.24,133
397,Modern Chair,home,277.82,576
398,Interactive Blocks,toys,217.61,443
399, Rustic Rug ,home,407.06,301
400,modern lamp,home,253.56,641
401,Hardcover Novel,books,193.7,877
402,Illustrated Novel,books,29.9,683
403,Smart Speaker,electronics,450.21,629
404,Stylish Shirt,clothing,129.12,194
405,Modern Guide,books,74.61,736
406, Compact Monitor , electronics  ,86.03,409
407,Cozy Table,  home  ,267.28,739
408,Fun Puzzle,toys,147.71,507
409,Fun Puzzle,toys,79.33,921
410,Cozy Chair,home,339.39,325
411,Cozy Chair,home,49.38,366
412,Fun Puzzle,toys,360.0,905
413,Educational Blocks,toys,406.07,616
414, Smart Headphones  ,  electronics ,396.41,146
415,Hardcover Guide,books,266.31,998
416,ELEGANT CHAIR,  home  ,386.76,858
417,Durable Shirt,clothing,316.76,187
418,Illustrated Memoir,books,347.24,670
419,Comfortable Jeans,clothing,372.03,798
420,Cozy Table,home,52.56,81
421,Rustic Table,home,360.66,758
422,Wireless Monitor,electronics,153.21,364
423,Comfortable Shirt,CLOTHING,23.9,417
424,Comfortable Jacket,clothing,328.57,324
425,Classic Sweater,clothing,428.33,343
426,Fun Blocks,toys,291.97,222
427,Colorful Doll,toys,29.32,820
428,Hardcover Memoir,Books,8.76,624
429,INTERACTIVE BLOCKS,toys,393.84,959
430,Hardcover Novel,books,478.96,597
431,  Durable Shirt ,clothing,435.36,860
432, Stylish Sweater  ,clothing,439.88,704
433,  Colorful Doll  ,toys,399.7,522
434,Modern Anthology,books,225.08,453
435,Colorful Car,toys,296.36,942
436,Comfortable Sweater, clothing ,254.87,610
437,  Wireless Camera ,electronics,387.44,565
438,Educational Doll,toys,327.92,17
439, Smart Monitor  ,electronics,497.24,747
440,Modern Anthology,books,362.78,272
441,Fun Doll,toys,372.52,908
442, Elegant Chair ,home,324.46,132
443,Modern Novel,Books,447.52,505
444,Classic Jacket,clothing,435.0,480
445,Portable Monitor,electronics,328.97,506
446,Classic Sweater,clothing,82.74,538
447,Stylish Jeans,clothing,77.09,353
448,Rustic Table,home,384.6,382
449, Portable Camera  ,electronics,353.31,168
450,Portable Monitor,electronics,273.41,722
451,Interactive Blocks,toys,386.38,961
452,Stylish Jacket,clothing,138.04,264
453,Classic Jeans,clothing,307.15,594
454,Smart Headphones,electronics,356.0,514
455,Modern Novel,books,431.74,314
456,Cozy Table,home,105.74,935
457,Colorful Doll,toys,364.38,306
458,Educational Car,toys,456.95,342
459,Stylish Sweater,clothing,264.81,396
460,classic guide,books,497.8,183
461,Cozy Rug,home,54.86,710
462,Modern Table,home,274.0,980
463,Classic Sweater,clothing,12.27,69
464,Wireless Camera,electronics,71.62,133
465, Classic Jacket  ,clothing,118.86,254
466,  Hardcover Memoir , books ,357.64,320
467,Compact Monitor,electronics,334.98,603
468,Smart Headphones,electronics,269.71,309
469,Compact Speaker,electronics,165.83,866
470,Modern Novel,books,165.17,856
471, Colorful Doll ,TOYS,486.04,69
472,Comfortable Sweater,clothing,367.25,994
473,Hardcover Memoir,books,191.13,109
474,Classic Jeans,clothing,70.83,791
475,Educational Car,toys,84.05,579
476,Comfortable Jacket,clothing,340.66,819
477,Classic Novel,books,385.0,301
478,Elegant Table, home ,39.39,986
479,Classic Memoir,books,452.31,788
480, Classic Jacket ,clothing,383.09,629
481,Classic Anthology,books,306.83,247
482,Cozy Rug,home,297.96,811
483,Wireless Monitor,electronics,437.72,302
484,Cozy Lamp,home,396.24,53
485,Illustrated Guide,books,240.35,281
486,Colorful Puzzle,toys,19.45,324
487,Fun Blocks,toys,296.04,994
488,Cozy Lamp,home,294.29,818
489,Smart Headphones,electronics,486.12,851
490,Fun Blocks,toys,430.76,200
491,Compact Speaker,electronics,331.05,31
492,Cozy Chair,home,149.95,779
493,Comfortable Jacket,clothing,453.81,581
494,Stylish Shirt,clothing,161.04,707
495,Smart Headphones,electronics,67.07,518
496,Rustic Lamp,home,122.09,913
497,Elegant Lamp,home,176.21,287
498,Modern Lamp,home,324.99,284
499, Interactive Doll ,toys,427.27,390
500,Elegant Rug,home,283.94,348
501,Cozy Rug,home,66.31,611
502,  Cozy Rug  ,home,258.05,383
503, Cozy Table  ,home,231.33,748
504,Hardcover Anthology,books,385.47,5
505,Illustrated Memoir,books,320.43,495
506,Wireless Headphones,electronics,22.7,822
507,ELEGANT LAMP,home,330.6,862
508,Educational Car,toys,407.97,976
509,Compact Speaker,electronics,200.72,902
510,Hardcover Anthology,books,468.24,791
511,Elegant Rug,home,27.35,249
512,Classic Jeans,clothing,9.68,691
513,Fun Blocks,toys,429.41,236
514,smart speaker,electronics,61.56,623
515,Modern Memoir,books,457.04,779
516,Hardcover Anthology,books,65.98,447
517,Portable Speaker,electronics,382.68,530
518, Cozy Lamp  ,home,376.89,188
519,Wireless Monitor,electronics,339.53,50
520,Cozy Rug,home,437.54,931
521,  Comfortable Shirt ,clothing,211.02,634
522,interactive doll,toys,173.51,543
523,Elegant Table,home,424.62,441
524,Stylish Jacket,clothing,297.08,751
525,Colorful Car,toys,197.67,15
526,Classic Sweater,clothing,129.61,554
527,Modern Guide,books,49.91,325
528, Cozy Lamp  ,home,310.53,116
529,Educational Puzzle,toys,36.58,698
530,Rustic Chair, home ,437.84,82
531,Stylish Shirt,clothing,294.52,293
532,Durable Shirt,clothing,202.89,343
533, Modern Memoir ,books,208.92,407
534,Rustic Rug,home,224.44,100
535,Modern Chair,home,112.82,104
536,Classic Jacket,clothing,289.84,671
537,Wireless Monitor,electronics,143.32,773
538,  Cozy Table  ,home,208.63,234
539,Hardcover Anthology, books  ,245.08,209
540,Modern Guide,books,478.63,230
541,Illustrated Memoir,books,111.84,650
542,Durable Jeans,CLOTHING,38.98,297
543,Modern Lamp,  home ,414.5,617
544,Classic Guide,books,91.53,191
545,Classic Shirt,clothing,30.07,53
546,Elegant Lamp,home,171.53,960
547,Illustrated Anthology,books,186.32,741
548,Durable Sweater,  clothing  ,471.35,133
549,Modern Anthology,BOOKS,137.05,170
550, Wireless Camera ,electronics,135.46,356
551,Wireless Camera,electronics,289.99,351
552,Hardcover Anthology,books,140.72,524
553,Smart Camera,electronics,275.51,508
554,Elegant Chair,home,270.75,615
555,Rustic Chair,home,299.99,262
556,Classic Jacket,clothing,78.11,238
557,Stylish Jeans,clothing,131.62,132
558,Modern Novel,books,225.24,821
559,Modern Rug,home,106.98,759
560,Classic Sweater,clothing,158.81,475
561,Fun Car,toys,289.12,581
562,Portable Headphones,Electronics,174.15,287
563,educational blocks,toys,398.29,749
564,Elegant Chair,  home  ,6.13,528
565,Durable Shirt,CLOTHING,90.9,667
566,Hardcover Memoir,books,232.23,710
567,  hardcover memoir ,books,142.8,767
568,Classic Anthology,books,231.39,273
569,Elegant Rug,  home ,294.82,683
570,Wireless Speaker,electronics,350.04,336
571,Elegant Chair,home,99.36,659
572,Interactive Blocks,toys,114.14,81
573, Colorful Blocks  ,toys,328.21,248
574,comfortable shirt,clothing,480.19,763
575,Colorful Blocks,toys,367.29,232
576,portable monitor,electronics,240.69,534
577,Interactive Puzzle,toys,137.03,28
578,Colorful Doll,toys,312.8,196
579,Portable Camera,ELECTRONICS,348.61,989
580,Classic Guide,books,397.45,772
581,Interactive Car,toys,418.88,892
582,Comfortable Jacket,clothing,295.11,255
583,Portable Headphones,electronics,319.41,491
584,Fun Car, TOYS ,103.6,897
585,Modern Novel,  books  ,151.67,889
586,  Hardcover Anthology ,books,245.61,645
587,Portable Camera, electronics  ,134.85,203
588,Classic Sweater, Clothing  ,304.53,548
589,Illustrated Anthology,books,287.38,603
590,Modern Guide,books,103.46,751
591,Rustic Rug,home,378.97,945
592,Fun Doll,toys,209.66,930
593,Colorful Blocks,toys,113.41,135
594, Compact Headphones ,  electronics ,39.34,836
595,Smart Camera,electronics,304.96,163
596,Fun Blocks, toys ,216.63,945
597,Fun Puzzle,toys,37.09,871
598,Fun Puzzle,toys,452.66,480
599,Rustic Lamp,home,329.64,939
600,Portable Headphones,  electronics  ,220.74,727
601,Compact Speaker,electronics,427.22,649
602,Modern Chair,home,474.23,69
603,Fun Blocks,  toys  ,453.52,375
604,Modern Table,home,154.14,511
605,Comfortable Shirt,clothing,319.05,799
606, Stylish Jeans ,clothing,164.98,410
607,Stylish Sweater,clothing,478.02,862
608,Elegant Table,home,358.92,142
609,Rustic Table,home,406.29,667
610,Durable Shirt,clothing,232.09,548
611,Classic Shirt,clothing,14.56,109
612,COMPACT HEADPHONES,electronics,200.78,322
613,Compact Camera,electronics,137.91,819
614,Modern Table,home,481.51,906
615,Comfortable Sweater,clothing,413.6,559
616,Rustic Rug,home,81.18,56
617,Illustrated Anthology,books,233.23,454
618,  Smart Headphones ,electronics,268.31,101
619,Modern Guide,Books,419.58,566
620,Classic Novel,books,59.27,582
621,Modern Lamp, home ,203.17,700
622,  Stylish Shirt ,Clothing,342.69,215
623,Educational Doll,toys,207.76,786
624,Rustic Rug,home,193.63,976
625,Modern Novel,books,54.19,832
626,Compact Speaker,Electronics,273.7,406
627,Educational Doll,toys,409.07,792
628,Fun Doll,toys,473.2,659
629,Compact Headphones,electronics,492.34,319
630,Comfortable Jacket,Clothing,493.48,271
631,  Modern Lamp  ,home,51.02,570
632,Portable Headphones,electronics,19.23,78
633,Educational Doll,toys,401.7,885
634,Educational Doll,TOYS,49.12,857
635,Colorful Blocks,toys,106.93,378
636,Durable Shirt,clothing,267.78,737
637,Compact Monitor,electronics,158.14,766
638,Comfortable Shirt,clothing,308.67,850
639,Classic Novel,books,367.88,954
640,Classic Shirt,clothing,54.93,331
641,Comfortable Shirt,clothing,152.32,945
642,Colorful Blocks,toys,158.68,97
643,Cozy Chair,home,265.11,202
644, Classic Sweater  ,clothing,374.8,55
645,Cozy Rug,home,475.96,403
646,Modern Chair,home,54.11,940
647, Durable Sweater  ,clothing,414.75,514
648,Interactive Doll,toys,135.55,544
649,Classic Anthology,books,314.18,775
650, Elegant Rug  ,home,385.78,405
651,Comfortable Shirt,  clothing  ,319.64,555
652,Classic Anthology,books,310.93,164
653,Classic Sweater,clothing,266.45,14
654,Colorful Puzzle,toys,454.55,178
655,Modern Novel,books,493.45,380
656,Modern Memoir,books,235.23,598
657,Portable Camera,electronics,148.14,353
658,Cozy Chair,home,228.21,193
659,Illustrated Anthology,BOOKS,28.08,448
660,Portable Speaker,electronics,160.04,432
661,Durable Jacket,CLOTHING,130.9,156
662,Colorful Blocks,TOYS,22.0,370
663,Smart Camera,ELECTRONICS,380.9,734
664,Modern Table,home,129.19,428
665,Portable Camera,electronics,296.82,939
666,Smart Speaker,electronics,236.32,318
667,Elegant Chair,home,14.01,513
668,Illustrated Anthology,books,257.74,80
669,Comfortable Shirt,clothing,371.54,357
670, Modern Chair  ,home,444.13,240
671, Durable Sweater  ,clothing,97.69,295
672,Colorful Blocks, TOYS  ,167.66,849
673,Wireless Headphones,ELECTRONICS,304.77,505
674,Hardcover Novel,books,295.32,185
675,Fun Puzzle,toys,80.37,437
676,Classic Guide,BOOKS,135.0,591
677,Classic Memoir,books,398.04,391
678,Rustic Chair,home,162.93,402
679,Educational Puzzle,Toys,57.69,339
680,Comfortable Jeans,clothing,95.01,64
681,Colorful Car,toys,290.72,687
682,Smart Headphones,electronics,468.38,908
683,Classic Shirt,  clothing  ,251.47,594
684,Colorful Puzzle,toys,147.47,166
685,Modern Guide,books,111.95,385
686,Wireless Monitor,electronics,196.88,950
687,Portable Monitor,electronics,235.74,563
688,Rustic Table,home,31.18,327
689,Durable Jeans,clothing,200.11,992
690,Wireless Headphones,electronics,309.38,392
691,Modern Novel,books,189.66,357
692,Portable Camera,electronics,93.66,687
693,Rustic Table,home,228.05,4
694,Educational Doll,toys,414.21,514
695,Rustic Lamp,home,193.45,421
696,Colorful Blocks,toys,268.03,114
697,Cozy Table,home,190.01,966
698,Classic Anthology,books,308.55,89
699, Interactive Blocks  ,toys,249.58,589
700,Modern Guide,books,436.43,965
701,Colorful Blocks,toys,346.36,848
702,Smart Headphones,electronics,92.64,497
703,Modern Chair,home,168.73,964
704,Portable Speaker,Electronics,86.39,143
705,Smart Speaker,electronics,112.49,535
706,Educational Car,toys,37.28,500
707,Interactive Doll,toys,171.97,455
708,  Compact Monitor  ,ELECTRONICS,256.11,313
709,Elegant Lamp,home,164.71,43
710,Classic Jeans,clothing,181.16,49
711,Modern Table,home,424.46,219
712,Compact Camera,electronics,369.34,393
713,Illustrated Novel,books,343.48,792
714,Elegant Lamp,home,150.05,924
715,Elegant Table,home,333.13,168
716,Comfortable Jacket,clothing,195.6,691
717,  Wireless Monitor  ,electronics,69.81,118
718,Comfortable Shirt,Clothing,175.27,119
719,Durable Sweater,clothing,283.68,69
720,Modern Memoir,books,457.54,800
721,Elegant Lamp,home,248.56,80
722,Educational Car,toys,109.62,703
723,Hardcover Novel,books,141.2,380
724,  EDUCATIONAL CAR ,toys,489.06,527
725,  Colorful Puzzle ,toys,346.31,980
726,Rustic Rug,home,455.43,555
727,Elegant Rug,home,42.33,32
728,Elegant Table,home,46.42,505
729,  Smart Monitor  ,electronics,89.17,851
730,  Durable Jacket ,clothing,421.24,411
731,SMART MONITOR,Electronics,297.04,278
732,Comfortable Jeans,clothing,427.14,548
733,Hardcover Memoir,books,395.93,841
734,Fun Car,  toys ,272.41,395
735,Portable Headphones, electronics  ,175.19,708
736,Classic Guide,books,5.76,295
737,Cozy Chair, home ,57.07,332
738,Colorful Blocks,toys,216.69,978
739, Smart Monitor ,electronics,69.89,680
740,Colorful Blocks,toys,332.85,174
741,Wireless Monitor,electronics,318.52,889
742,Interactive Car,toys,79.69,129
743,Hardcover Memoir,  books ,262.68,509
744,Modern Guide,books,12.16,274
745,Hardcover Novel,books,177.66,886
746,Elegant Chair,home,410.35,344
747,  Comfortable Sweater ,clothing,102.1,798
748,Classic Jeans,clothing,312.81,468
749,Elegant Lamp,home,113.99,318
750,Classic Jacket,clothing,438.73,853
751,Portable Camera,electronics,176.3,852
752,Elegant Table,home,439.18,642
753,Elegant Lamp,home,221.07,794
754,Durable Sweater, clothing  ,203.72,694
755,Educational Doll,toys,391.87,692
756,Stylish Jeans,clothing,114.78,343
757,Compact Monitor,electronics,410.92,674
758,MODERN RUG,home,464.55,635
759,Wireless Headphones,Electronics,376.8,252
760,Wireless Monitor,electronics,150.57,596
761,Elegant Lamp,home,273.44,521
762,Classic Jacket,clothing,333.61,844
763,Comfortable Jeans,clothing,249.01,645
764,Modern Memoir,books,376.09,14
765,Colorful Puzzle,toys,330.82,972
766,Fun Blocks,Toys,221.07,675
767,Interactive Doll,toys,387.56,758
768,  Educational Blocks ,toys,365.25,184
769,Compact Headphones,electronics,348.18,747
770,CLASSIC SWEATER,clothing,248.97,756
771,Modern Rug,HOME,328.95,608
772,Educational Car,toys,250.83,770
773,Cozy Table,home,460.28,556
774,Colorful Doll,toys,292.44,933
775, Hardcover Anthology ,books,146.76,126
776,Educational Car,toys,423.93,594
777,Compact Speaker,electronics,118.9,101
778,Illustrated Memoir,books,41.61,822
779,Fun Puzzle,  toys ,126.92,271
780,Rustic Chair,  home ,257.05,162
781,Educational Puzzle,toys,459.86,148
782,Hardcover Guide,books,45.61,168
783,Modern Guide,  BOOKS  ,247.29,325
784,Illustrated Memoir,books,85.78,736
785,Elegant Lamp,home,459.06,486
786,Portable Speaker,electronics,134.27,288
787,Smart Speaker,electronics,246.3,783
788,Educational Doll,toys,285.64,986
789,Comfortable Jeans,CLOTHING,218.67,376
790,Durable Shirt,clothing,474.34,488
791,Stylish Jeans,  clothing  ,37.83,29
792,Educational Blocks,toys,24.69,806
793,Smart Monitor,electronics,367.82,570
794,Colorful Doll,toys,368.24,474
795,Educational Blocks,toys,204.2,956
796,Elegant Table,home,316.63,653
797,Portable Headphones,electronics,101.19,996
798,Portable Camera,electronics,122.66,21
799,Educational Car,toys,59.45,649
800,Illustrated Guide,books,182.56,821
801,fun puzzle,toys,427.68,136
802,Wireless Monitor,electronics,336.61,448
803,Illustrated Novel,books,377.94,506
804,Smart Camera,ELECTRONICS,135.81,516
805,Colorful Puzzle,toys,446.91,407
806,Cozy Lamp,home,410.99,829
807,Elegant Rug,home,165.46,638
808,Compact Speaker,electronics,199.7,373
809,Classic Novel,books,89.33,635
810,Classic Novel,books,194.01,185
811,Durable Jeans,clothing,112.91,288
812,interactive car,toys,263.88,711
813,Modern Anthology,books,229.21,306
814,Elegant Table,home,219.81,558
815,Illustrated Memoir,books,375.64,997
816,Rustic Lamp,home,403.65,598
817,Interactive Blocks,  toys  ,160.26,655
818,Compact Monitor,electronics,460.1,192
819,Fun Blocks,toys,375.14,439
820,Compact Monitor,electronics,71.55,811
821,Educational Blocks,toys,213.93,441
822,Stylish Shirt,clothing,369.3,938
823,Illustrated Guide, books  ,99.88,273
824,Compact Headphones,electronics,11.28,703
825,Illustrated Anthology,books,364.7,641
826,Wireless Camera,electronics,457.74,516
827,Fun Doll,toys,432.73,998
828,  Interactive Car ,toys,366.18,718
829,Compact Headphones,  electronics ,71.82,413
830,Smart Monitor,electronics,48.6,539
831, Interactive Doll  ,toys,472.44,440
832,Classic Jacket,  clothing ,319.98,657
833,Comfortable Sweater,clothing,474.31,529
834,Rustic Chair,home,401.64,825
835,Modern Memoir,books,280.96,532
836,Hardcover Guide,books,461.43,162
837,Hardcover Novel, books ,27.39,611
838,  Classic Novel  ,books,356.62,563
839,Smart Headphones,  electronics ,201.84,105
840,colorful puzzle, toys ,337.45,997
841,Fun Blocks,toys,336.98,395
842,Smart Speaker,electronics,190.35,514
843,Cozy Lamp,Home,208.41,332
844,Durable Jeans,clothing,156.44,789
845,Illustrated Memoir,books,219.07,303
846,Durable Jacket,clothing,467.33,745
847,Interactive Blocks,toys,217.21,842
848,Modern Anthology,books,446.7,725
849,Elegant Chair,home,19.5,436
850,  Compact Camera  ,Electronics,344.59,878
851,Illustrated Anthology,books,476.9,267
852,Classic Anthology,books,197.18,283
853,Comfortable Sweater,clothing,431.29,546
854,Hardcover Guide,books,145.85,40
855,COMFORTABLE JACKET, clothing  ,280.66,440
856,Cozy Rug,home,245.05,918
857,Portable Speaker,electronics,62.54,446
858,Educational Doll,toys,424.83,590
859,Smart Headphones,electronics,190.28,854
860,Modern Rug,home,207.72,573
861,Modern Memoir,books,97.63,209
862,Portable Headphones,electronics,134.67,21
863,Smart Headphones,electronics,444.39,988
864,Illustrated Novel,books,275.57,330
865,Durable Sweater,clothing,412.8,905
866,Wireless Camera,electronics,173.66,218
867,Stylish Jacket,clothing,94.54,776
868,Stylish Jacket,  clothing  ,93.53,137
869,Interactive Blocks,toys,310.83,929
870,Colorful Blocks,toys,324.5,316
871,Wireless Speaker,electronics,193.73,157
872,Comfortable Shirt,clothing,226.57,942
873,Comfortable Sweater,clothing,166.09,620
874,Comfortable Sweater,clothing,464.03,434
875,Durable Jacket,clothing,251.3,268
876,Hardcover Memoir,books,162.35,823
877,Stylish Shirt,clothing,337.38,676
878,Rustic Chair,home,428.72,436
879,Fun Car,toys,121.54,659
880,Wireless Camera,electronics,129.56,83
881, Wireless Camera ,electronics,443.52,85
882,Fun Doll,toys,197.2,122
883, Rustic Chair ,home,17.08,660
884,Durable Shirt,clothing,214.79,216
885,Classic Novel,books,80.95,255
886,Illustrated Guide,books,298.5,65
887,Elegant Table,HOME,280.8,498
888,Educational Blocks,toys,420.61,545
889,Cozy Rug,home,476.13,790
890,Comfortable Shirt,clothing,479.04,530
891,Wireless Camera,electronics,214.3,86
892,Modern Anthology,books,375.51,420
893,Classic Novel,books,34.74,24
894,Rustic Table,home,94.03,358
895,Portable Monitor,electronics,436.78,582
896,Cozy Rug,home,14.7,617
897,Durable Shirt,clothing,363.31,365
898,Fun Blocks,toys,63.31,970
899,Compact Monitor,electronics,402.67,825
900,Hardcover Novel,Books,334.15,168
901,MODERN RUG,home,176.92,34
902,Elegant Rug, home ,22.93,318
903,Smart Speaker,electronics,169.02,716
904,Elegant Chair,home,286.15,613
905,Cozy Table,home,301.18,646
906,Interactive Blocks,toys,410.46,35
907,Modern Memoir,books,64.24,847
908,Smart Camera,electronics,210.7,47
909,Illustrated Memoir, books ,241.12,992
910,Durable Jeans,clothing,394.68,480
911,Illustrated Anthology,books,70.42,981
912,Cozy Table,home,355.2,675
913,Modern Guide,books,495.84,964
914,Smart Headphones,electronics,275.53,128
915,hardcover memoir,books,306.69,399
916,Educational Doll,toys,245.95,553
917,Fun Puzzle,toys,138.32,751
918,Hardcover Memoir,books,180.5,125
919,Colorful Car,toys,161.01,532
920,Modern Anthology,books,439.33,996
921,Colorful Car,toys,476.73,318
922,Durable Jeans,clothing,435.01,784
923,Wireless Monitor,electronics,22.4,682
924,Portable Headphones,electronics,279.49,560
925,Colorful Car,toys,442.48,25
926,Hardcover Guide,books,155.29,297
927, Hardcover Memoir  ,books,391.89,209
928,Stylish Jacket,clothing,56.76,860
929,  Educational Car  ,toys,10.2,674
930,Smart Camera,electronics,57.98,556
931,Cozy Lamp,home,397.95,972
932, Wireless Speaker  ,electronics,307.74,713
933,Modern Table,home,301.64,506
934,Cozy Rug,home,184.74,429
935,Illustrated Novel,  books  ,232.56,358
936,Smart Monitor,electronics,239.7,752
937,MODERN GUIDE,books,275.12,804
938,Wireless Speaker,electronics,358.91,12
939,Elegant Table,home,153.36,825
940,Colorful Puzzle,TOYS,300.98,668
941,Interactive Blocks,toys,460.87,597
942,Modern Lamp,home,109.55,566
943,Durable Shirt,clothing,232.95,210
944,colorful blocks,toys,250.49,647
945,Durable Shirt,clothing,114.36,973
946,Compact Camera,electronics,209.91,474
947,Cozy Lamp,home,9.2,414
948,Rustic Rug,home,162.13,209
949,Modern Anthology, books ,493.87,46
950,Modern Novel,books,266.73,931
951,Wireless Camera,electronics,24.14,133
952,Educational Car, toys ,76.82,241
953,Hardcover Memoir,books,331.26,965
954,Classic Anthology,books,283.37,847
955,Modern Chair,home,340.0,32
956,Comfortable Shirt,clothing,234.66,207
957,Colorful Puzzle,toys,129.46,823
958,Classic Guide,books,329.46,390
959,Colorful Blocks,toys,159.3,745
960,Comfortable Shirt,clothing,180.04,670
961,Stylish Sweater,clothing,446.48,98
962,Rustic Rug,home,345.95,907
963,rustic lamp,home,411.03,328
964,  Fun Blocks  ,toys,197.32,610
965,Smart Speaker,electronics,471.6,590
966,Compact Speaker,electronics,109.55,947
967,Comfortable Jeans,clothing,297.05,998
968,Fun Car,toys,209.74,384
969,Rustic Lamp,home,191.17,2
970,Smart Camera,electronics,312.74,714
971,Rustic Table,HOME,463.42,165
972,Smart Speaker,electronics,244.99,513
973,Colorful Blocks,toys,331.4,441
974,Stylish Jeans,clothing,211.87,12
975,FUN DOLL,toys,24.34,125
976,Elegant Chair,home,215.55,124
977,Comfortable Shirt,clothing,397.17,995
978, Compact Speaker ,electronics,358.78,467
979,Interactive Doll,toys,268.63,505
980,Fun Blocks,toys,388.3,355
981,Smart Camera,ELECTRONICS,45.32,836
982,Classic Jeans, clothing ,46.54,981
983,Classic Jacket,clothing,166.91,239
984,Elegant Table,home,288.81,858
985,Durable Sweater,clothing,251.54,885
986,Illustrated Novel,books,121.18,503
987,Comfortable Sweater,  clothing  ,374.31,287
988,Modern Rug,home,374.15,534
989,Hardcover Guide,books,405.24,653
990,SMART MONITOR,electronics,80.65,460
991,Modern Guide,books,291.33,839
992,Stylish Sweater,clothing,430.68,708
993,Wireless Camera,electronics,398.68,932
994,Modern Anthology,books,220.75,958
995,Modern Anthology,books,327.32,296
996,Smart Monitor,electronics,35.24,228
997,Cozy Lamp,home,427.88,999
998,Compact Speaker,electronics,107.21,872
999,Classic Jacket,clothing,164.36,729
1000, Hardcover Anthology  , books  ,386.32,259
1001,Modern Novel,books,289.36,931
1002,Classic Jacket,clothing,168.81,135
1003,Classic Guide,books,154.04,279
1004,Durable Jacket, clothing ,168.98,969
1005,Classic Anthology,books,394.58,713
1006,Cozy Rug,home,87.91,916
1007,Durable Jacket,clothing,173.81,625
1008,Modern Memoir,books,161.67,119
1009,Comfortable Jacket,clothing,86.34,89
1010,  Modern Anthology ,books,305.51,513
1011,Stylish Jacket,clothing,51.72,603
1012,Rustic Rug,home,146.86,925
1013,Compact Speaker,electronics,181.31,682
1014,Elegant Rug,HOME,278.23,934
1015,Fun Blocks,toys,39.77,651
1016,Wireless Speaker,electronics,475.48,446
1017,Interactive Blocks,toys,330.34,649
1018,Stylish Jacket,clothing,264.26,76
1019, Fun Doll  ,toys,77.72,98
1020,Educational Blocks,toys,170.01,125
1021,Classic Shirt,clothing,52.21,206
1022,Fun Doll,toys,194.57,219
1023,Elegant Chair,home,111.24,9
1024,Rustic Chair,home,496.45,113
1025,Classic Jeans,clothing,288.92,238
1026,Stylish Jacket,clothing,245.36,136
1027,Durable Jacket,clothing,359.4,619
1028,Comfortable Shirt,clothing,137.09,245
1029,Comfortable Shirt,clothing,419.8,958
1030,Compact Speaker,electronics,486.62,263
1031,Stylish Jeans,clothing,474.55,985
1032,  Stylish Jeans ,clothing,229.95,666
1033,Stylish Shirt,clothing,477.96,511
1034,Interactive Doll,toys,124.63,612
1035,Hardcover Novel,books,43.06,132
1036,Durable Jacket,clothing,196.0,285
1037,Modern Novel,books,146.63,994
1038,Rustic Table,home,351.0,570
1039,Interactive Car,toys,27.56,314
1040,Compact Camera,electronics,419.13,825
1041,  Classic Novel  ,books,28.09,695
1042,Classic Jeans,clothing,228.81,538
1043,Classic Shirt,clothing,50.45,267
1044,Colorful Car,toys,404.48,839
1045,Elegant Rug,home,424.92,697
1046,Elegant Lamp,home,16.67,424
1047,Portable Camera,electronics,176.32,432
1048,Modern Chair,home,459.98,367
1049,Wireless Monitor,electronics,414.45,436
1050,Rustic Table,home,222.38,304
1051,Portable Camera,electronics,399.31,762
1052,Durable Sweater,clothing,71.78,832
1053,Modern Chair, home ,456.51,342
1054,  Rustic Chair ,home,326.73,188
1055,Hardcover Novel,books,426.54,966
1056,Illustrated Guide,books,237.75,925
1057,Stylish Sweater,clothing,20.52,561
1058,Comfortable Sweater,clothing,243.71,480
1059,Educational Puzzle,toys,400.02,338
1060,Modern Chair,home,173.83,717
1061,Colorful Blocks,toys,439.54,776
1062,Portable Speaker,electronics,431.68,854
1063,INTERACTIVE PUZZLE,toys,392.53,361
1064,Smart Headphones,electronics,207.32,345
1065,  Colorful Blocks ,toys,50.67,100
1066,Classic Sweater,clothing,77.27,69
1067,Portable Camera,electronics,385.5,359
1068,Rustic Table,home,149.38,306
1069,Stylish Jacket,clothing,119.53,586
1070,Wireless Headphones,electronics,290.87,726
1071,Durable Jacket,  clothing  ,92.89,533
1072,Wireless Speaker,electronics,249.57,344
1073,FUN PUZZLE,toys,163.12,569
1074,Stylish Jeans,clothing,272.92,889
1075,Modern Rug,home,117.13,321
1076,Colorful Car,toys,131.28,645
1077,durable shirt,  clothing ,132.54,755
1078,Rustic Rug,home,428.67,24
1079,Colorful Car,toys,326.47,72
1080,Smart Camera,electronics,112.48,28
1081,Classic Anthology,books,417.33,456
1082,Elegant Table,home,170.82,894
1083,Cozy Chair,home,424.56,511
1084,Educational Car,toys,173.69,353
1085,Elegant Lamp,home,176.46,320
1086,Comfortable Sweater,clothing,150.05,269
1087,  Educational Blocks  ,  toys ,186.54,632
1088,Elegant Chair,home,241.48,270
1089,Modern Novel,books,149.86,68
1090,Portable Camera,electronics,186.07,65
1091, Classic Novel  ,books,113.48,668
1092,Elegant Chair,home,469.6,30
1093,Modern Chair,home,199.9,769
1094,Comfortable Sweater,clothing,313.14,529
1095,Classic Memoir,books,35.79,368
1096,Educational Car,toys,120.67,25
1097,  Smart Headphones  ,electronics,28.5,404
1098,Portable Speaker,electronics,158.95,423
1099,Elegant Lamp,home,188.8,153
1100, Classic Shirt  ,clothing,437.99,890
1101,Classic Shirt,clothing,447.03,78
1102,Wireless Headphones,electronics,214.54,335
1103,rustic lamp, home ,120.28,979
1104,Elegant Lamp,home,425.41,423
1105,Classic Sweater,clothing,125.99,857
1106,Interactive Blocks,toys,136.89,569
1107, Classic Sweater ,clothing,426.68,466
1108,Smart Headphones,electronics,311.53,970
1109,Cozy Chair,home,75.29,894
1110,Elegant Chair,home,156.04,269
1111,modern memoir,books,416.11,322
1112,Classic Guide,books,367.9,831
1113,Fun Doll,toys,382.37,156
1114,Modern Rug,home,392.38,209
1115,Cozy Table,home,187.35,849
1116,Smart Speaker,electronics,275.04,339
1117,Compact Speaker,electronics,96.93,466
1118,Modern Rug, home ,384.9,669
1119,Classic Novel,books,344.31,217
1120,Cozy Chair,home,488.16,799
1121,Illustrated Novel,books,30.58,675
1122,Cozy Chair,home,251.36,820
1123,Fun Car,toys,9.05,6
1124,Portable Speaker,electronics,454.04,937
1125,Durable Sweater,clothing,478.87,886
1126,Wireless Speaker,electronics,409.39,521
1127,Modern Anthology,books,332.24,966
1128,Classic Novel,books,361.44,512
1129,Illustrated Anthology, books ,101.86,735
1130,Fun Car,toys,426.47,265
1131,Smart Headphones,electronics,223.28,345
1132,Elegant Rug,home,56.49,441
1133,Portable Camera,electronics,22.43,965
1134,Illustrated Memoir,books,32.29,557
1135,Modern Anthology,books,6.6,454
1136,Cozy Lamp,home,295.07,808
1137,Stylish Jacket,clothing,346.22,50
1138,Elegant Rug,home,316.9,476
1139,Modern Guide,books,36.06,571
1140, Colorful Puzzle  ,toys,481.74,916
1141,Illustrated Anthology,books,76.8,682
1142,  Classic Anthology ,books,398.44,821
1143,DURABLE JACKET,clothing,89.78,125
1144,Fun Puzzle,toys,260.04,830
1145,Portable Monitor,electronics,377.13,783
1146,Comfortable Jeans,clothing,53.9,259
1147,Cozy Table,home,133.35,216
1148,Educational Car,toys,83.28,49
1149,Stylish Jeans,clothing,33.71,775
1150,Portable Headphones,electronics,356.11,154
1151,Colorful Puzzle,toys,480.87,34
1152,modern table,home,365.28,151
1153,Interactive Puzzle,toys,479.28,809
1154,Colorful Puzzle,toys,413.38,733
1155,Rustic Table,home,243.23,545
1156,Smart Camera,electronics,396.95,435
1157,Compact Camera,electronics,87.37,491
1158,Durable Jacket,clothing,320.04,114
1159,durable shirt,CLOTHING,284.53,834
1160,Modern Table,home,147.31,830
1161,Stylish Sweater,Clothing,17.75,352
1162,Elegant Chair,home,70.15,853
1163,  Interactive Doll  ,toys,78.18,452
1164,Wireless Speaker,Electronics,327.15,149
1165,Interactive Puzzle,toys,307.84,9
1166,MODERN ANTHOLOGY,books,214.55,246
1167,ILLUSTRATED MEMOIR,Books,407.8,332
1168,Compact Monitor,electronics,414.84,592
1169,Illustrated Guide,books,219.53,626
1170,Rustic Chair,home,184.63,800
1171,Illustrated Anthology,books,444.26,20
1172,modern memoir,books,295.27,969
1173,Compact Speaker,electronics,362.73,840
1174,Interactive Car,toys,494.41,922
1175,Illustrated Anthology,books,183.2,919
1176,Compact Monitor,electronics,376.41,361
1177, Colorful Puzzle  ,toys,351.6,635
1178,Wireless Headphones,electronics,119.33,1
1179,Durable Jeans,clothing,498.99,812
1180,Compact Monitor,electronics,200.88,383
1181,Rustic Table,home,447.55,752
1182,educational doll,toys,273.19,357
1183,educational doll,toys,496.17,734
1184,Comfortable Sweater,clothing,141.67,753
1185,Comfortable Shirt,clothing,459.46,821
1186,Compact Speaker,electronics,230.84,846
1187,Hardcover Anthology,books,305.95,690
1188,Cozy Table,home,485.35,572
1189,Smart Monitor,electronics,100.43,424
1190, Educational Blocks  ,toys,331.69,23
1191,Compact Headphones,electronics,224.47,405
1192,Wireless Camera,electronics,171.7,233
1193,Smart Headphones,electronics,65.11,731
1194,Portable Monitor,Electronics,206.32,627
1195, Colorful Car ,toys,386.6,592
1196,Durable Jeans,clothing,275.04,197
1197,ELEGANT TABLE,home,175.26,517
1198,Interactive Puzzle,toys,385.36,619
1199,Portable Speaker, electronics ,231.7,305
1200,Classic Jeans,clothing,481.71,979
1201,Modern Lamp,home,174.88,586
1202,Portable Headphones,electronics,116.36,317
1203,Hardcover Anthology,books,153.08,256
1204,  Durable Jeans  ,clothing,344.39,305
1205,Modern Anthology,  books  ,205.42,932
1206,Comfortable Shirt,clothing,104.5,541
1207,Interactive Puzzle,toys,302.83,110
1208,Portable Camera,electronics,254.91,363
1209,Durable Jacket,clothing,204.3,367
1210,Classic Memoir,books,236.53,134
1211,Interactive Doll,toys,232.62,695
1212,Cozy Rug,HOME,77.78,230
1213,Interactive Car,toys,170.95,561
1214,Durable Jeans,clothing,43.93,317
1215,Hardcover Memoir,books,28.35,79
1216,classic sweater,clothing,7.32,34
1217,Rustic Table,home,260.81,339
1218,Illustrated Guide,books,343.44,862
1219,Hardcover Guide,books,211.97,893
1220,Classic Anthology,books,287.43,932
1221,Colorful Blocks,toys,104.52,980
1222,Comfortable Jacket,clothing,474.08,632
1223,Durable Shirt,clothing,279.8,604
1224,Modern Guide,books,166.23,915
1225,Modern Table,home,419.61,443
1226,Stylish Jacket,clothing,294.12,754
1227,Classic Memoir,books,318.06,109
1228,Fun Doll,toys,77.04,870
1229,Illustrated Novel,books,103.35,919
1230,Durable Jacket,clothing,13.34,28
1231,Portable Camera,electronics,204.89,33
1232,Comfortable Shirt,clothing,271.46,227
1233,Classic Anthology,books,367.56,683
1234,Comfortable Jeans,  clothing ,436.31,591
1235,Fun Car,toys,140.22,587
1236,Modern Guide,books,9.31,601
1237,Cozy Table,home,187.17,634
1238,Modern Rug,home,146.18,879
1239, Elegant Rug  ,home,368.1,736
1240,Fun Doll,toys,269.5,967
1241,Portable Camera,electronics,217.05,136
1242,fun doll,toys,37.26,780
1243,Smart Monitor,electronics,195.79,635
1244,Elegant Rug,home,278.03,550
1245,Modern Memoir,books,240.75,160
1246,Classic Memoir,books,454.51,720
1247,Colorful Blocks,toys,407.01,297
1248,Comfortable Jeans,clothing,238.78,259
1249,  Illustrated Guide  , books  ,237.75,2
1250,Stylish Shirt,clothing,266.98,417
1251,Smart Camera,Electronics,490.57,531
1252,Classic Anthology,books,382.5,968
1253,Hardcover Novel,books,204.51,378
1254,Hardcover Novel,books,273.36,418
1255,Portable Headphones,electronics,421.81,641
1256,Comfortable Shirt,Clothing,237.0,884
1257,Comfortable Jacket,clothing,132.2,625
1258,Durable Sweater,clothing,338.5,656
1259,Portable Monitor,electronics,320.94,786
1260,COMPACT MONITOR,electronics,340.33,164
1261,EDUCATIONAL DOLL,toys,371.96,16
1262,Cozy Rug,home,459.44,594
1263,Interactive Blocks,toys,153.06,56
1264, Compact Headphones ,electronics,10.53,572
1265,Classic Jeans,Clothing,15.53,36
1266,Elegant Table,home,488.41,632
1267,Durable Jacket,clothing,388.41,739
1268,Cozy Lamp,home,58.82,362
1269,Stylish Jeans,clothing,95.56,664
1270,Modern Table,home,97.82,437
1271,Interactive Car,toys,410.6,1
1272,  Modern Memoir ,books,433.2,653
1273,Interactive Car,toys,256.64,435
1274,Stylish Jacket,clothing,62.73,640
1275,Portable Camera,electronics,169.76,961
1276,Rustic Lamp,home,45.73,742
1277,Fun Car,toys,185.19,235
1278,COZY CHAIR,home,325.33,383
1279,Classic Guide,books,160.65,337
1280,Modern Guide,books,366.22,820
1281,Fun Puzzle,  toys ,44.1,827
1282,ILLUSTRATED GUIDE, books  ,303.57,350
1283,Fun Car,toys,193.59,716
1284,Portable Camera,electronics,141.33,707
1285,Colorful Blocks,toys,217.1,759
1286,Modern Memoir,books,400.35,343
