region,state_code,order_month,total_orders,total_sales,total_returns,total_refunds,percent_revenue_refunded
Midwest,ia,2024-07,7,26777.43,1,3499.57,13.07
Midwest,ia,2024-08,16,66116.69,5,19182.09,29.01
Midwest,ia,2024-09,13,40226.77,5,11899.69,29.58
Midwest,ia,2024-10,10,58334.43,0,0,0.0
Midwest,ia,2024-11,19,87844.84,5,19388.17,22.07
Midwest,ia,2024-12,13,58987.02,5,20288.55,34.39
Midwest,ia,2025-01,23,76253.39,8,17468.38,22.91
Midwest,ia,2025-02,23,97525.6,8,23086.74,23.67
Midwest,ia,2025-03,15,74094.72,1,3513.16,4.74
Midwest,ia,2025-04,21,82773.04,7,19636.48,23.72
Midwest,ia,2025-05,13,53598.3,3,3170.21,5.91
Midwest,ia,2025-06,20,71478.95,8,26039.32,36.43
Midwest,ia,2025-07,11,49798.84,4,12469.35,25.04
Midwest,il,2024-07,3,19723.58,1,1517.16,7.69
Midwest,il,2024-08,17,57639.55,1,5907.1,10.25
Midwest,il,2024-09,18,79043.68,6,16067.44,20.33
Midwest,il,2024-10,6,38698.0,1,7908.63,20.44
Midwest,il,2024-11,16,75080.66,6,13684.43,18.23
Midwest,il,2024-12,8,16333.15,3,4591.43,28.11
Midwest,il,2025-01,8,34239.73,3,10264.07,29.98
Midwest,il,2025-02,11,51964.38,3,8951.25,17.23
Midwest,il,2025-03,17,66896.22,5,27861.12,41.65
Midwest,il,2025-04,16,80432.12,7,29178.05,36.28
Midwest,il,2025-05,9,36460.23,2,2087.82,5.73
Midwest,il,2025-06,11,43609.81,3,10066.71,23.08
Midwest,il,2025-07,8,25594.87,3,7534.37,29.44
Midwest,in,2024-07,2,4915.92,0,0,0.0
Midwest,in,2024-08,14,65826.0,2,12564.88,19.09
Midwest,in,2024-09,13,54348.96,5,19191.48,35.31
Midwest,in,2024-10,12,56591.68,4,17209.37,30.41
Midwest,in,2024-11,9,34952.12,5,7317.18,20.93
Midwest,in,2024-12,15,47420.35,6,11131.17,23.47
Midwest,in,2025-01,13,71558.32,5,21967.45,30.7
Midwest,in,2025-02,9,35014.87,4,10276.19,29.35
Midwest,in,2025-03,8,30592.72,2,4724.67,15.44
Midwest,in,2025-04,9,32744.05,4,5170.04,15.79
Midwest,in,2025-05,8,33025.52,2,4564.98,13.82
Midwest,in,2025-06,14,62417.67,5,13255.8,21.24
Midwest,in,2025-07,7,18750.78,2,5790.55,30.88
Midwest,ks,2024-07,4,20213.97,2,7884.11,39.0
Midwest,ks,2024-08,7,37214.16,4,15637.42,42.02
Midwest,ks,2024-09,7,47171.0,3,12754.61,27.04
Midwest,ks,2024-10,8,25174.92,3,13668.55,54.29
Midwest,ks,2024-11,7,32125.52,2,1038.91,3.23
Midwest,ks,2024-12,8,33652.12,1,1581.11,4.7
Midwest,ks,2025-01,6,26785.66,2,3621.8,13.52
Midwest,ks,2025-02,7,20648.17,1,482.62,2.34
Midwest,ks,2025-03,14,52227.89,4,10556.99,20.21
Midwest,ks,2025-04,6,23199.29,2,5520.64,23.8
Midwest,ks,2025-05,10,55606.2,4,18235.39,32.79
Midwest,ks,2025-06,9,28146.07,1,4110.8,14.61
Midwest,ks,2025-07,9,51178.91,4,15752.53,30.78
Midwest,mi,2024-07,5,14333.8,1,547.26,3.82
Midwest,mi,2024-08,11,28115.42,3,4093.28,14.56
Midwest,mi,2024-09,17,80927.82,6,30512.1,37.7
Midwest,mi,2024-10,13,75999.62,5,25761.89,33.9
Midwest,mi,2024-11,13,45722.26,4,15496.59,33.89
Midwest,mi,2024-12,15,56875.95,4,28364.03,49.87
Midwest,mi,2025-01,5,18596.78,2,3201.12,17.21
Midwest,mi,2025-02,14,68556.45,7,22853.34,33.34
Midwest,mi,2025-03,16,67665.84,1,1800.0,2.66
Midwest,mi,2025-04,15,60487.18,2,4650.23,7.69
Midwest,mi,2025-05,14,69505.12,5,26549.7,38.2
Midwest,mi,2025-06,11,38500.38,4,13520.18,35.12
Midwest,mi,2025-07,15,45677.4,5,18126.6,39.68
Midwest,mn,2024-07,8,21444.6,2,2844.89,13.27
Midwest,mn,2024-08,15,58281.5,5,15903.06,27.29
Midwest,mn,2024-09,11,37927.31,3,4072.72,10.74
Midwest,mn,2024-10,21,84995.4,6,15526.99,18.27
Midwest,mn,2024-11,13,43632.97,3,6119.16,14.02
Midwest,mn,2024-12,13,59525.02,5,19248.54,32.34
Midwest,mn,2025-01,25,88289.88,10,26993.57,30.57
Midwest,mn,2025-02,12,53332.99,1,344.12,0.65
Midwest,mn,2025-03,16,52838.12,4,10169.96,19.25
Midwest,mn,2025-04,23,98170.35,5,22283.15,22.7
Midwest,mn,2025-05,24,107380.38,3,5547.31,5.17
Midwest,mn,2025-06,12,49541.93,3,7909.78,15.97
Midwest,mn,2025-07,18,73782.0,6,21037.05,28.51
Midwest,mo,2024-07,10,44120.12,8,24821.13,56.26
Midwest,mo,2024-08,22,101646.05,7,23482.88,23.1
Midwest,mo,2024-09,18,76549.49,6,12824.55,16.75
Midwest,mo,2024-10,19,90392.73,2,5014.33,5.55
Midwest,mo,2024-11,18,70854.62,4,6289.85,8.88
Midwest,mo,2024-12,18,67007.8,6,21450.91,32.01
Midwest,mo,2025-01,26,126181.8,10,32890.35,26.07
Midwest,mo,2025-02,18,47752.22,5,21156.73,44.31
Midwest,mo,2025-03,22,129792.18,8,28335.54,21.83
Midwest,mo,2025-04,24,85632.66,8,19855.9,23.19
Midwest,mo,2025-05,23,110306.48,8,20770.01,18.83
Midwest,mo,2025-06,19,105998.34,2,3069.44,2.9
Midwest,mo,2025-07,10,42731.98,2,1369.54,3.2
Midwest,nd,2024-07,4,10280.88,0,0,0.0
Midwest,nd,2024-08,17,57382.1,6,12783.3,22.28
Midwest,nd,2024-09,16,58578.55,7,14343.09,24.49
Midwest,nd,2024-10,15,69408.31,6,13168.69,18.97
Midwest,nd,2024-11,19,76478.81,7,16932.98,22.14
Midwest,nd,2024-12,12,37603.77,3,4092.2,10.88
Midwest,nd,2025-01,17,65981.26,3,8613.8,13.05
Midwest,nd,2025-02,13,59130.42,8,18159.71,30.71
Midwest,nd,2025-03,11,46463.48,2,11317.22,24.36
Midwest,nd,2025-04,13,66955.37,5,7902.17,11.8
Midwest,nd,2025-05,22,94689.17,3,11134.0,11.76
Midwest,nd,2025-06,18,50299.3,6,16890.24,33.58
Midwest,nd,2025-07,7,30436.29,2,3382.61,11.11
Midwest,ne,2024-07,8,18755.16,3,5482.7,29.23
Midwest,ne,2024-08,25,94599.86,8,23841.55,25.2
Midwest,ne,2024-09,17,65066.91,3,9813.04,15.08
Midwest,ne,2024-10,17,72488.12,8,25318.31,34.93
Midwest,ne,2024-11,17,73042.19,2,9872.97,13.52
Midwest,ne,2024-12,10,49013.92,1,1457.13,2.97
Midwest,ne,2025-01,20,73715.66,4,19572.0,26.55
Midwest,ne,2025-02,15,74656.79,2,8528.45,11.42
Midwest,ne,2025-03,23,113991.52,2,8224.43,7.21
Midwest,ne,2025-04,23,92879.86,3,12977.37,13.97
Midwest,ne,2025-05,15,55085.72,6,20823.07,37.8
Midwest,ne,2025-06,20,101620.69,7,33928.33,33.39
Midwest,ne,2025-07,9,34044.29,1,8766.54,25.75
Midwest,oh,2024-07,8,28788.36,3,11503.36,39.96
Midwest,oh,2024-08,23,97017.91,5,14923.8,15.38
Midwest,oh,2024-09,17,73713.9,5,11978.63,16.25
Midwest,oh,2024-10,22,80014.28,6,12952.45,16.19
Midwest,oh,2024-11,20,100499.04,10,35469.14,35.29
Midwest,oh,2024-12,17,86235.38,8,28799.12,33.4
Midwest,oh,2025-01,18,67338.85,4,10055.16,14.93
Midwest,oh,2025-02,23,113976.5,8,18271.96,16.03
Midwest,oh,2025-03,23,84380.06,4,2962.49,3.51
Midwest,oh,2025-04,20,94388.68,5,15975.06,16.92
Midwest,oh,2025-05,21,94840.29,9,24327.69,25.65
Midwest,oh,2025-06,24,118980.02,9,26704.93,22.44
Midwest,oh,2025-07,22,86997.62,5,9289.01,10.68
Midwest,sd,2024-07,6,23036.78,1,1313.68,5.7
Midwest,sd,2024-08,18,75095.94,7,32176.26,42.85
Midwest,sd,2024-09,18,82865.9,3,3496.78,4.22
Midwest,sd,2024-10,26,116760.72,4,9606.77,8.23
Midwest,sd,2024-11,23,91845.54,6,25124.95,27.36
Midwest,sd,2024-12,25,93546.15,9,20275.72,21.67
Midwest,sd,2025-01,18,84851.94,8,24490.36,28.86
Midwest,sd,2025-02,13,67522.03,3,10148.87,15.03
Midwest,sd,2025-03,24,87004.6,6,10310.89,11.85
Midwest,sd,2025-04,28,117840.53,13,25157.9,21.35
Midwest,sd,2025-05,14,65586.32,5,8813.24,13.44
Midwest,sd,2025-06,15,74268.62,7,20950.98,28.21
Midwest,sd,2025-07,15,61861.28,4,22118.48,35.75
Midwest,wi,2024-07,8,34693.65,0,0,0.0
Midwest,wi,2024-08,9,51453.99,4,18721.85,36.39
Midwest,wi,2024-09,20,72883.66,4,4040.77,5.54
Midwest,wi,2024-10,12,42770.05,6,12673.92,29.63
Midwest,wi,2024-11,20,88833.47,4,7241.88,8.15
Midwest,wi,2024-12,18,65579.46,5,15894.73,24.24
Midwest,wi,2025-01,25,101333.26,5,19575.35,19.32
Midwest,wi,2025-02,22,94195.61,8,18358.57,19.49
Midwest,wi,2025-03,14,74204.04,5,13134.5,17.7
Midwest,wi,2025-04,10,34727.81,2,4045.76,11.65
Midwest,wi,2025-05,11,43040.12,4,13083.41,30.4
Midwest,wi,2025-06,14,71706.19,6,24159.49,33.69
Midwest,wi,2025-07,7,31485.57,1,3581.65,11.38
Military,aa,2024-07,17,65511.88,4,5953.2,9.09
Military,aa,2024-08,33,162844.17,12,50200.43,30.83
Military,aa,2024-09,36,137077.8,14,47100.19,34.36
Military,aa,2024-10,37,155952.75,13,33720.66,21.62
Military,aa,2024-11,37,135015.54,11,30934.44,22.91
Military,aa,2024-12,35,164151.73,12,44441.53,27.07
Military,aa,2025-01,37,166444.12,8,37241.51,22.37
Military,aa,2025-02,34,153574.5,12,48148.89,31.35
Military,aa,2025-03,32,138641.82,10,28212.35,20.35
Military,aa,2025-04,34,167711.58,9,37713.54,22.49
Military,aa,2025-05,30,83548.98,8,15711.06,18.8
Military,aa,2025-06,38,161695.11,9,41418.62,25.62
Military,aa,2025-07,31,110964.93,12,27347.25,24.64
Military,ae,2024-07,11,55900.18,3,3657.29,6.54
Military,ae,2024-08,41,184046.67,11,23354.78,12.69
Military,ae,2024-09,31,144931.74,7,19900.15,13.73
Military,ae,2024-10,36,138378.53,13,36754.31,26.56
Military,ae,2024-11,31,122128.57,10,19282.34,15.79
Military,ae,2024-12,34,166967.96,13,36988.86,22.15
Military,ae,2025-01,30,108918.55,13,43381.17,39.83
Military,ae,2025-02,30,97655.18,8,16632.61,17.03
Military,ae,2025-03,36,171517.22,11,17392.34,10.14
Military,ae,2025-04,26,117593.26,12,27629.31,23.5
Military,ae,2025-05,37,163310.04,12,38918.12,23.83
Military,ae,2025-06,46,173204.42,16,44761.7,25.84
Military,ae,2025-07,37,173375.04,11,35294.85,20.36
Military,ap,2024-07,4,22306.59,1,5483.72,24.58
Military,ap,2024-08,26,103613.96,8,19209.45,18.54
Military,ap,2024-09,29,129491.72,10,33374.88,25.77
Military,ap,2024-10,25,105571.86,9,38186.58,36.17
Military,ap,2024-11,31,131089.89,12,48715.32,37.16
Military,ap,2024-12,35,156511.63,13,44245.42,28.27
Military,ap,2025-01,38,144514.32,13,43469.77,30.08
Military,ap,2025-02,23,89902.82,8,16548.68,18.41
Military,ap,2025-03,25,113249.7,7,33739.52,29.79
Military,ap,2025-04,38,145170.8,8,20550.02,14.16
Military,ap,2025-05,33,144565.17,16,49935.53,34.54
Military,ap,2025-06,43,183931.17,11,35919.91,19.53
Military,ap,2025-07,21,104561.37,9,19993.03,19.12
Northeast,ct,2024-07,8,23961.2,2,2516.97,10.5
Northeast,ct,2024-08,22,85255.25,8,21218.23,24.89
Northeast,ct,2024-09,15,56563.72,2,9184.66,16.24
Northeast,ct,2024-10,18,85317.97,6,23836.49,27.94
Northeast,ct,2024-11,16,50813.27,3,14076.16,27.7
Northeast,ct,2024-12,13,59517.76,4,19164.74,32.2
Northeast,ct,2025-01,15,63021.97,4,6153.48,9.76
Northeast,ct,2025-02,7,32524.73,2,3455.55,10.62
Northeast,ct,2025-03,18,84205.38,4,11927.89,14.17
Northeast,ct,2025-04,17,67382.64,3,8572.32,12.72
Northeast,ct,2025-05,16,55073.25,7,15673.86,28.46
Northeast,ct,2025-06,15,67316.96,4,17769.06,26.4
Northeast,ct,2025-07,13,66313.44,3,13164.12,19.85
Northeast,ma,2024-07,2,13928.82,1,11643.39,83.59
Northeast,ma,2024-08,24,97207.76,7,14219.79,14.63
Northeast,ma,2024-09,22,85093.73,8,22551.83,26.5
Northeast,ma,2024-10,19,64816.81,6,15765.19,24.32
Northeast,ma,2024-11,12,61217.7,4,11661.29,19.05
Northeast,ma,2024-12,20,97640.94,8,35991.63,36.86
Northeast,ma,2025-01,22,72018.17,4,14546.66,20.2
Northeast,ma,2025-02,25,106665.45,8,27038.1,25.35
Northeast,ma,2025-03,18,58118.06,5,6301.15,10.84
Northeast,ma,2025-04,18,66044.6,4,9983.9,15.12
Northeast,ma,2025-05,15,74533.85,3,8385.51,11.25
Northeast,ma,2025-06,16,51745.33,5,6345.91,12.26
Northeast,ma,2025-07,17,59632.08,4,7042.45,11.81
Northeast,me,2024-07,11,44687.64,3,4473.36,10.01
Northeast,me,2024-08,11,53258.32,5,19724.45,37.04
Northeast,me,2024-09,20,80864.22,6,18076.66,22.35
Northeast,me,2024-10,16,60900.12,1,2968.24,4.87
Northeast,me,2024-11,12,51029.19,3,16517.53,32.37
Northeast,me,2024-12,18,75158.21,6,11607.07,15.44
Northeast,me,2025-01,23,108535.84,8,35189.8,32.42
Northeast,me,2025-02,14,64723.27,3,5769.88,8.91
Northeast,me,2025-03,18,83969.93,4,15131.3,18.02
Northeast,me,2025-04,14,58103.24,3,11413.32,19.64
Northeast,me,2025-05,14,40218.13,6,8541.38,21.24
Northeast,me,2025-06,18,72821.14,7,18796.55,25.81
Northeast,me,2025-07,17,65847.04,9,15650.4,23.77
Northeast,nh,2024-07,4,10460.01,2,2146.01,20.52
Northeast,nh,2024-08,22,96289.04,4,19941.79,20.71
Northeast,nh,2024-09,13,39528.2,5,13869.77,35.09
Northeast,nh,2024-10,25,78044.79,6,13257.78,16.99
Northeast,nh,2024-11,14,52634.46,6,16737.13,31.8
Northeast,nh,2024-12,17,74402.48,5,24048.69,32.32
Northeast,nh,2025-01,13,60245.83,7,14212.41,23.59
Northeast,nh,2025-02,16,83113.37,5,9434.57,11.35
Northeast,nh,2025-03,16,56548.35,5,17260.52,30.52
Northeast,nh,2025-04,25,94268.41,7,24439.3,25.93
Northeast,nh,2025-05,12,50949.63,5,8862.51,17.39
Northeast,nh,2025-06,23,112337.11,9,27531.98,24.51
Northeast,nh,2025-07,12,56814.97,4,14198.52,24.99
Northeast,nj,2024-07,4,21983.76,3,3575.46,16.26
Northeast,nj,2024-08,24,101782.68,6,17486.03,17.18
Northeast,nj,2024-09,19,84029.36,6,26482.03,31.52
Northeast,nj,2024-10,16,52880.25,4,6998.16,13.23
Northeast,nj,2024-11,18,61454.77,6,13701.53,22.3
Northeast,nj,2024-12,19,79385.68,4,3532.44,4.45
Northeast,nj,2025-01,15,55317.42,5,21255.37,38.42
Northeast,nj,2025-02,17,69482.18,5,10651.22,15.33
Northeast,nj,2025-03,14,44623.65,7,12454.18,27.91
Northeast,nj,2025-04,12,42706.07,4,5165.09,12.09
Northeast,nj,2025-05,16,61104.3,6,11930.38,19.52
Northeast,nj,2025-06,14,68816.23,5,17345.54,25.21
Northeast,nj,2025-07,13,57123.49,3,6655.18,11.65
Northeast,ny,2024-07,11,34455.11,5,9184.4,26.66
Northeast,ny,2024-08,15,69801.81,8,20413.09,29.24
Northeast,ny,2024-09,16,65545.17,8,15376.25,23.46
Northeast,ny,2024-10,17,65608.5,4,6072.14,9.26
Northeast,ny,2024-11,14,59671.86,4,12882.26,21.59
Northeast,ny,2024-12,18,82781.95,8,24188.26,29.22
Northeast,ny,2025-01,10,35679.31,4,10991.25,30.81
Northeast,ny,2025-02,10,29128.63,1,5434.98,18.66
Northeast,ny,2025-03,14,40070.99,4,3569.61,8.91
Northeast,ny,2025-04,21,88079.15,7,20484.16,23.26
Northeast,ny,2025-05,9,36366.02,2,1130.94,3.11
Northeast,ny,2025-06,19,92284.0,5,15092.47,16.35
Northeast,ny,2025-07,13,71653.85,2,9015.06,12.58
Northeast,pa,2024-07,6,18518.48,2,2313.76,12.49
Northeast,pa,2024-08,16,49594.4,5,12735.66,25.68
Northeast,pa,2024-09,19,72624.5,13,28453.12,39.18
Northeast,pa,2024-10,19,72137.9,1,2565.38,3.56
Northeast,pa,2024-11,22,87908.98,10,20199.54,22.98
Northeast,pa,2024-12,14,46195.77,5,18840.51,40.78
Northeast,pa,2025-01,17,64670.61,6,15248.35,23.58
Northeast,pa,2025-02,24,100274.78,5,14608.08,14.57
Northeast,pa,2025-03,19,79851.9,5,11232.96,14.07
Northeast,pa,2025-04,18,48971.34,5,9754.77,19.92
Northeast,pa,2025-05,18,84080.63,1,538.64,0.64
Northeast,pa,2025-06,25,128465.09,8,28861.67,22.47
Northeast,pa,2025-07,12,57059.42,1,5969.01,10.46
Northeast,ri,2024-07,3,10228.17,0,0,0.0
Northeast,ri,2024-08,6,29397.84,2,4614.63,15.7
Northeast,ri,2024-09,8,23315.11,1,889.28,3.81
Northeast,ri,2024-10,9,29675.75,2,1527.7,5.15
Northeast,ri,2024-11,7,38715.01,2,14711.14,38.0
Northeast,ri,2024-12,5,14760.13,3,2702.2,18.31
Northeast,ri,2025-01,8,31170.56,2,5080.83,16.3
Northeast,ri,2025-02,10,61230.42,4,21003.13,34.3
Northeast,ri,2025-03,10,42114.01,4,16739.65,39.75
Northeast,ri,2025-04,3,12127.72,0,0,0.0
Northeast,ri,2025-05,4,10361.82,1,2576.64,24.87
Northeast,ri,2025-06,4,11169.85,2,2361.49,21.14
Northeast,ri,2025-07,5,21053.56,0,0,0.0
Northeast,vt,2024-07,9,43175.34,3,3381.29,7.83
Northeast,vt,2024-08,16,66600.97,6,17220.66,25.86
Northeast,vt,2024-09,6,24985.01,2,1905.7,7.63
Northeast,vt,2024-10,17,81703.95,4,11550.51,14.14
Northeast,vt,2024-11,15,79232.15,6,16445.03,20.76
Northeast,vt,2024-12,20,92266.63,8,26297.22,28.5
Northeast,vt,2025-01,15,43258.52,5,18401.29,42.54
Northeast,vt,2025-02,12,57484.2,2,3236.98,5.63
Northeast,vt,2025-03,15,49463.01,3,1851.47,3.74
Northeast,vt,2025-04,15,65529.55,4,18856.97,28.78
Northeast,vt,2025-05,14,56072.33,6,23838.21,42.51
Northeast,vt,2025-06,14,49325.13,2,1080.96,2.19
Northeast,vt,2025-07,10,44229.82,5,17654.99,39.92
South,al,2024-07,3,10671.39,0,0,0.0
South,al,2024-08,19,89257.09,4,14299.66,16.02
South,al,2024-09,10,43750.55,1,7894.93,18.05
South,al,2024-10,16,58334.97,1,674.86,1.16
South,al,2024-11,19,68591.92,4,12887.03,18.79
South,al,2024-12,13,53585.51,6,5376.93,10.03
South,al,2025-01,15,80961.63,4,12233.25,15.11
South,al,2025-02,12,50172.78,4,12481.92,24.88
South,al,2025-03,10,38052.53,5,19986.36,52.52
South,al,2025-04,10,30484.01,2,11115.86,36.46
South,al,2025-05,10,25463.9,3,3487.76,13.7
South,al,2025-06,12,40439.57,4,7721.24,19.09
South,al,2025-07,3,8447.14,2,539.86,6.39
South,ar,2024-07,2,9197.85,1,8988.52,97.72
South,ar,2024-08,13,46818.18,5,7679.17,16.4
South,ar,2024-09,12,61332.12,4,21334.69,34.79
South,ar,2024-10,13,59144.37,5,18993.8,32.11
South,ar,2024-11,18,83772.22,6,23352.18,27.88
South,ar,2024-12,13,43709.28,4,6674.04,15.27
South,ar,2025-01,8,22553.14,3,6410.73,28.42
South,ar,2025-02,10,37956.23,3,8524.06,22.46
South,ar,2025-03,15,68023.05,7,19803.91,29.11
South,ar,2025-04,10,44378.03,5,12012.84,27.07
South,ar,2025-05,16,52755.06,3,5205.69,9.87
South,ar,2025-06,14,61509.56,4,19017.32,30.92
South,ar,2025-07,1,1425.37,0,0,0.0
South,dc,2024-07,8,34123.33,3,8366.45,24.52
South,dc,2024-08,23,106562.9,7,20170.11,18.93
South,dc,2024-09,12,51968.87,6,26266.98,50.54
South,dc,2024-10,15,63980.53,3,7100.2,11.1
South,dc,2024-11,17,74574.32,4,18184.4,24.38
South,dc,2024-12,17,84902.52,4,12339.37,14.53
South,dc,2025-01,20,85195.73,9,18925.78,22.21
South,dc,2025-02,14,55619.25,3,3198.88,5.75
South,dc,2025-03,19,92057.47,7,24894.88,27.04
South,dc,2025-04,16,64569.08,6,27573.86,42.7
South,dc,2025-05,14,62452.56,1,6170.94,9.88
South,dc,2025-06,19,68977.25,3,8201.77,11.89
South,dc,2025-07,11,45416.95,4,14226.62,31.32
South,de,2024-07,10,53589.5,2,13813.0,25.78
South,de,2024-08,23,107823.29,6,8007.76,7.43
South,de,2024-09,20,92740.74,6,23560.58,25.4
South,de,2024-10,22,83693.02,8,14538.42,17.37
South,de,2024-11,18,66191.33,4,15231.31,23.01
South,de,2024-12,17,67662.51,4,13204.76,19.52
South,de,2025-01,22,91436.86,6,13214.92,14.45
South,de,2025-02,13,55115.58,4,15123.26,27.44
South,de,2025-03,20,76646.72,6,15033.96,19.61
South,de,2025-04,19,85845.53,8,12398.52,14.44
South,de,2025-05,13,64717.48,3,9185.53,14.19
South,de,2025-06,22,109005.04,9,34389.92,31.55
South,de,2025-07,13,50161.11,5,12208.57,24.34
South,fl,2024-07,5,30230.82,0,0,0.0
South,fl,2024-08,9,41938.18,2,2897.1,6.91
South,fl,2024-09,9,34648.48,0,0,0.0
South,fl,2024-10,14,70413.25,2,6705.6,9.52
South,fl,2024-11,17,80971.19,6,17972.91,22.2
South,fl,2024-12,18,96913.51,4,17552.27,18.11
South,fl,2025-01,17,66423.87,5,12961.3,19.51
South,fl,2025-02,15,59549.17,8,16886.36,28.36
South,fl,2025-03,15,67514.93,4,9211.25,13.64
South,fl,2025-04,14,58478.17,3,11211.0,19.17
South,fl,2025-05,12,51250.13,2,861.55,1.68
South,fl,2025-06,10,25965.9,3,6277.25,24.17
South,fl,2025-07,6,26785.04,4,9579.74,35.77
South,ga,2024-07,4,19014.2,0,0,0.0
South,ga,2024-08,16,61742.97,4,4337.2,7.02
South,ga,2024-09,14,57989.22,6,16028.45,27.64
South,ga,2024-10,19,86613.83,6,17120.33,19.77
South,ga,2024-11,17,61890.7,6,15399.17,24.88
South,ga,2024-12,19,94902.11,7,21014.26,22.14
South,ga,2025-01,19,99564.34,8,27226.23,27.35
South,ga,2025-02,6,33705.07,1,3364.82,9.98
South,ga,2025-03,9,47222.11,3,17975.78,38.07
South,ga,2025-04,17,83857.6,5,28794.96,34.34
South,ga,2025-05,15,72513.63,3,9216.24,12.71
South,ga,2025-06,17,53060.29,3,4513.83,8.51
South,ga,2025-07,9,22800.14,2,2194.07,9.62
South,ky,2024-07,2,5885.06,1,1467.77,24.94
South,ky,2024-08,14,58672.46,4,17904.48,30.52
South,ky,2024-09,13,54238.28,5,19137.55,35.28
South,ky,2024-10,15,75582.45,4,10315.13,13.65
South,ky,2024-11,12,51419.89,2,3738.17,7.27
South,ky,2024-12,14,41244.02,4,6072.47,14.72
South,ky,2025-01,12,57570.5,3,9078.64,15.77
South,ky,2025-02,14,59873.96,5,11559.15,19.31
South,ky,2025-03,13,44747.47,5,9197.92,20.56
South,ky,2025-04,19,73414.45,7,27120.38,36.94
South,ky,2025-05,14,76157.79,5,19244.55,25.27
South,ky,2025-06,17,56785.43,4,9987.88,17.59
South,ky,2025-07,13,58555.65,3,10863.3,18.55
South,la,2024-07,9,32469.19,2,2669.1,8.22
South,la,2024-08,20,80853.46,7,18190.55,22.5
South,la,2024-09,12,41497.97,4,7501.91,18.08
South,la,2024-10,17,69601.11,5,11996.58,17.24
South,la,2024-11,19,66795.26,6,24218.83,36.26
South,la,2024-12,19,78663.49,6,19037.62,24.2
South,la,2025-01,12,68166.07,5,19064.01,27.97
South,la,2025-02,15,63197.71,6,21760.37,34.43
South,la,2025-03,14,53424.78,9,32238.76,60.34
South,la,2025-04,11,43757.91,5,18080.52,41.32
South,la,2025-05,12,59662.52,5,15151.78,25.4
South,la,2025-06,9,32411.29,4,6756.14,20.85
South,la,2025-07,14,57271.29,3,10835.39,18.92
South,md,2024-07,3,8404.09,3,6464.7,76.92
South,md,2024-08,5,14519.87,1,6648.71,45.79
South,md,2024-09,10,46712.35,3,14055.43,30.09
South,md,2024-10,10,44547.29,4,19887.3,44.64
South,md,2024-11,12,53501.64,4,14288.75,26.71
South,md,2024-12,8,35952.76,1,2749.84,7.65
South,md,2025-01,4,12847.77,2,4143.66,32.25
South,md,2025-02,5,12029.12,1,2457.09,20.43
South,md,2025-03,14,57880.56,2,4450.12,7.69
South,md,2025-04,13,46219.59,7,12674.96,27.42
South,md,2025-05,11,47713.46,4,4558.46,9.55
South,md,2025-06,11,41067.84,1,4578.24,11.15
South,md,2025-07,6,11294.47,3,3770.85,33.39
South,ms,2024-07,8,31192.28,1,5353.3,17.16
South,ms,2024-08,10,39136.97,5,10670.23,27.26
South,ms,2024-09,20,78422.49,4,11033.67,14.07
South,ms,2024-10,14,63446.58,4,7496.85,11.82
South,ms,2024-11,21,94340.35,7,19022.22,20.16
South,ms,2024-12,23,91348.12,9,26077.58,28.55
South,ms,2025-01,25,111891.07,6,23958.2,21.41
South,ms,2025-02,20,108771.19,8,26978.46,24.8
South,ms,2025-03,19,92212.19,3,9210.85,9.99
South,ms,2025-04,23,100569.44,7,20492.1,20.38
South,ms,2025-05,23,103236.93,6,20679.83,20.03
South,ms,2025-06,19,71687.45,5,6952.17,9.7
South,ms,2025-07,25,95749.69,7,23379.6,24.42
South,nc,2024-07,3,15287.18,0,0,0.0
South,nc,2024-08,14,54433.95,2,2757.76,5.07
South,nc,2024-09,13,44869.37,3,4900.36,10.92
South,nc,2024-10,13,52348.71,7,31063.0,59.34
South,nc,2024-11,14,65511.81,5,14476.25,22.1
South,nc,2024-12,13,53176.72,3,2443.88,4.6
South,nc,2025-01,10,40978.03,5,9960.18,24.31
South,nc,2025-02,7,30110.21,2,7118.65,23.64
South,nc,2025-03,8,23940.39,3,1943.87,8.12
South,nc,2025-04,10,43407.44,4,4553.52,10.49
South,nc,2025-05,9,42093.53,2,770.62,1.83
South,nc,2025-06,16,68968.4,0,0,0.0
South,nc,2025-07,12,58619.46,4,7825.81,13.35
South,ok,2024-07,3,18484.32,1,6828.06,36.94
South,ok,2024-08,26,88280.81,11,24103.03,27.3
South,ok,2024-09,15,68162.16,9,24919.29,36.56
South,ok,2024-10,17,57608.93,9,24734.0,42.93
South,ok,2024-11,25,99732.23,7,19788.86,19.84
South,ok,2024-12,14,71481.56,5,14637.03,20.48
South,ok,2025-01,21,89433.25,7,28274.94,31.62
South,ok,2025-02,10,39140.72,1,4913.39,12.55
South,ok,2025-03,20,83571.47,6,21523.24,25.75
South,ok,2025-04,22,114901.89,4,4486.38,3.9
South,ok,2025-05,18,99938.18,7,32684.87,32.71
South,ok,2025-06,19,75322.03,4,10358.62,13.75
South,ok,2025-07,15,73934.49,3,11640.99,15.75
South,sc,2024-07,7,23678.36,3,4639.37,19.59
South,sc,2024-08,14,56868.15,2,8634.42,15.18
South,sc,2024-09,23,86321.82,10,20823.53,24.12
South,sc,2024-10,17,65652.84,5,10505.22,16.0
South,sc,2024-11,18,82258.94,6,32654.41,39.7
South,sc,2024-12,15,74782.05,5,16272.07,21.76
South,sc,2025-01,27,126338.44,8,33201.31,26.28
South,sc,2025-02,22,83955.87,1,2820.74,3.36
South,sc,2025-03,23,100321.02,3,5096.2,5.08
South,sc,2025-04,17,44874.34,7,11567.83,25.78
South,sc,2025-05,17,62597.79,7,23119.25,36.93
South,sc,2025-06,24,97495.68,6,19351.62,19.85
South,sc,2025-07,11,56425.01,3,2610.69,4.63
South,tn,2024-07,5,24968.11,1,1261.83,5.05
South,tn,2024-08,12,65003.93,5,19226.14,29.58
South,tn,2024-09,13,48591.31,6,10167.87,20.93
South,tn,2024-10,16,74220.33,3,14744.03,19.87
South,tn,2024-11,14,62902.0,3,2345.18,3.73
South,tn,2024-12,19,78293.05,6,26158.49,33.41
South,tn,2025-01,15,73795.44,4,6549.5,8.88
South,tn,2025-02,15,58057.26,6,17426.24,30.02
South,tn,2025-03,11,33329.06,2,2719.57,8.16
South,tn,2025-04,14,79152.69,4,7678.1,9.7
South,tn,2025-05,16,76213.63,6,31874.77,41.82
South,tn,2025-06,15,61290.54,6,11606.2,18.94
South,tn,2025-07,8,27434.63,0,0,0.0
South,tx,2024-07,7,33710.32,2,6128.39,18.18
South,tx,2024-08,14,63420.11,4,14442.7,22.77
South,tx,2024-09,16,63970.51,4,17042.68,26.64
South,tx,2024-10,20,81420.11,8,29585.55,36.34
South,tx,2024-11,22,68087.55,3,4362.1,6.41
South,tx,2024-12,16,82838.17,6,19401.26,23.42
South,tx,2025-01,17,54017.92,2,4759.51,8.81
South,tx,2025-02,12,46136.38,4,10950.25,23.73
South,tx,2025-03,17,67487.23,5,26034.28,38.58
South,tx,2025-04,14,54505.78,5,18655.04,34.23
South,tx,2025-05,20,77944.85,6,21053.88,27.01
South,tx,2025-06,11,43042.86,3,14093.05,32.74
South,tx,2025-07,14,63321.8,3,8703.22,13.74
South,va,2024-07,6,28985.77,0,0,0.0
South,va,2024-08,12,59069.67,2,7524.13,12.74
South,va,2024-09,11,48671.08,2,569.79,1.17
South,va,2024-10,12,42042.95,0,0,0.0
South,va,2024-11,15,61158.01,4,8149.89,13.33
South,va,2024-12,13,67556.03,3,7353.54,10.89
South,va,2025-01,13,54662.41,3,7206.34,13.18
South,va,2025-02,16,72369.25,4,13427.86,18.55
South,va,2025-03,14,47532.48,5,10809.1,22.74
South,va,2025-04,16,70946.66,3,9919.41,13.98
South,va,2025-05,11,39652.19,4,3805.59,9.6
South,va,2025-06,15,80636.09,9,28681.91,35.57
South,va,2025-07,6,25280.02,1,1790.2,7.08
South,wv,2024-07,7,19646.53,1,2292.93,11.67
South,wv,2024-08,12,45745.22,3,11219.33,24.53
South,wv,2024-09,13,48880.13,2,1782.11,3.65
South,wv,2024-10,14,42874.56,3,7067.55,16.48
South,wv,2024-11,10,28795.83,3,4348.15,15.1
South,wv,2024-12,14,51054.34,3,6724.41,13.17
South,wv,2025-01,11,31905.05,2,4352.34,13.64
South,wv,2025-02,11,37685.28,1,22.43,0.06
South,wv,2025-03,10,42149.63,5,15262.89,36.21
South,wv,2025-04,12,50752.1,2,11420.94,22.5
South,wv,2025-05,13,53221.86,3,3074.17,5.78
South,wv,2025-06,15,55219.12,4,14163.17,25.65
South,wv,2025-07,13,49708.52,4,10958.81,22.05
Territory,as,2024-07,8,32161.8,2,7146.66,22.22
Territory,as,2024-08,26,108199.91,7,11194.42,10.35
Territory,as,2024-09,17,74451.68,6,25351.44,34.05
Territory,as,2024-10,22,69122.08,3,4257.95,6.16
Territory,as,2024-11,20,79249.04,7,20847.57,26.31
Territory,as,2024-12,26,117315.73,5,14722.94,12.55
Territory,as,2025-01,26,110298.11,6,24327.56,22.06
Territory,as,2025-02,14,47576.59,3,7097.88,14.92
Territory,as,2025-03,21,86271.82,5,16326.02,18.92
Territory,as,2025-04,20,66569.89,4,7526.16,11.31
Territory,as,2025-05,15,45441.35,5,9316.98,20.5
Territory,as,2025-06,9,44445.29,1,3077.75,6.92
Territory,as,2025-07,10,48111.73,4,23070.85,47.95
Territory,gu,2024-07,7,30980.25,2,907.26,2.93
Territory,gu,2024-08,6,32263.89,0,0,0.0
Territory,gu,2024-09,16,60514.78,3,6739.41,11.14
Territory,gu,2024-10,7,27123.31,1,2748.66,10.13
Territory,gu,2024-11,10,30336.04,2,2037.49,6.72
Territory,gu,2024-12,12,47549.28,2,2680.04,5.64
Territory,gu,2025-01,10,51710.34,2,5366.79,10.38
Territory,gu,2025-02,10,32642.73,1,590.75,1.81
Territory,gu,2025-03,8,45750.21,2,7526.64,16.45
Territory,gu,2025-04,12,54835.96,4,3111.02,5.67
Territory,gu,2025-05,14,64464.47,4,16062.17,24.92
Territory,gu,2025-06,18,79396.92,6,27104.21,34.14
Territory,gu,2025-07,10,45137.2,3,11919.85,26.41
Territory,mp,2024-07,5,14346.04,0,0,0.0
Territory,mp,2024-08,6,26210.37,2,4917.12,18.76
Territory,mp,2024-09,9,37058.32,1,6830.73,18.43
Territory,mp,2024-10,10,54657.57,4,12144.9,22.22
Territory,mp,2024-11,15,74987.96,2,4380.28,5.84
Territory,mp,2024-12,8,39092.46,2,8404.47,21.5
Territory,mp,2025-01,8,45145.03,5,17410.7,38.57
Territory,mp,2025-02,11,48605.85,4,9291.9,19.12
Territory,mp,2025-03,14,44995.78,4,7530.57,16.74
Territory,mp,2025-04,10,29548.92,3,7946.06,26.89
Territory,mp,2025-05,9,34794.64,4,8207.46,23.59
Territory,mp,2025-06,7,26341.61,3,9442.79,35.85
Territory,mp,2025-07,4,15476.91,4,8913.21,57.59
Territory,pr,2024-07,4,13120.29,0,0,0.0
Territory,pr,2024-08,11,53945.18,0,0,0.0
Territory,pr,2024-09,17,82568.86,5,17727.14,21.47
Territory,pr,2024-10,18,78482.74,6,19121.1,24.36
Territory,pr,2024-11,19,103202.45,8,27432.99,26.58
Territory,pr,2024-12,13,49699.14,4,6441.1,12.96
Territory,pr,2025-01,12,51455.29,3,2931.45,5.7
Territory,pr,2025-02,11,42975.32,6,5775.81,13.44
Territory,pr,2025-03,17,73082.54,4,12712.29,17.39
Territory,pr,2025-04,10,40502.62,2,8329.61,20.57
Territory,pr,2025-05,14,54620.62,2,2879.12,5.27
Territory,pr,2025-06,14,53374.47,6,12076.63,22.63
Territory,pr,2025-07,9,36039.97,2,11597.82,32.18
Territory,vi,2024-07,10,46628.88,3,11546.14,24.76
Territory,vi,2024-08,18,70891.36,6,27740.25,39.13
Territory,vi,2024-09,21,71392.09,5,6153.93,8.62
Territory,vi,2024-10,26,85326.9,6,19356.65,22.69
Territory,vi,2024-11,31,159634.57,12,39041.73,24.46
Territory,vi,2024-12,25,122986.69,5,14683.86,11.94
Territory,vi,2025-01,28,103374.95,10,18259.1,17.66
Territory,vi,2025-02,12,72488.17,1,3189.63,4.4
Territory,vi,2025-03,33,157989.12,11,43788.44,27.72
Territory,vi,2025-04,23,102523.46,6,24615.58,24.01
Territory,vi,2025-05,22,86696.5,2,11326.63,13.06
Territory,vi,2025-06,27,109021.5,10,23723.72,21.76
Territory,vi,2025-07,16,59225.28,6,16737.25,28.26
Unknown,_a,,1,0.0,0,0,
Unknown,fm,2024-07,6,23245.47,3,8010.07,34.46
Unknown,fm,2024-08,10,38923.01,3,3706.02,9.52
Unknown,fm,2024-09,10,32672.72,3,7053.79,21.59
Unknown,fm,2024-10,11,64688.24,4,9878.23,15.27
Unknown,fm,2024-11,11,55842.13,3,8914.93,15.96
Unknown,fm,2024-12,12,69668.19,2,6949.09,9.97
Unknown,fm,2025-01,6,31708.38,1,972.08,3.07
Unknown,fm,2025-02,11,42821.84,1,874.34,2.04
Unknown,fm,2025-03,10,51007.58,3,12381.77,24.27
Unknown,fm,2025-04,8,36091.94,3,2907.35,8.06
Unknown,fm,2025-05,14,40610.38,1,1220.79,3.01
Unknown,fm,2025-06,10,38075.27,2,12254.72,32.19
Unknown,fm,2025-07,5,25930.39,2,6341.66,24.46
Unknown,mh,2024-07,5,21009.59,2,3694.47,17.58
Unknown,mh,2024-08,20,105970.73,9,30413.73,28.7
Unknown,mh,2024-09,12,68076.97,3,5764.44,8.47
Unknown,mh,2024-10,19,85992.51,6,17490.03,20.34
Unknown,mh,2024-11,20,97181.22,5,15418.39,15.87
Unknown,mh,2024-12,23,85770.07,7,18592.93,21.68
Unknown,mh,2025-01,16,61111.36,5,10106.71,16.54
Unknown,mh,2025-02,14,53441.38,5,10871.88,20.34
Unknown,mh,2025-03,17,77491.05,6,24311.62,31.37
Unknown,mh,2025-04,15,55310.71,2,5823.33,10.53
Unknown,mh,2025-05,20,84579.56,8,28944.27,34.22
Unknown,mh,2025-06,14,64608.99,3,2994.95,4.64
Unknown,mh,2025-07,8,33000.44,4,6262.57,18.98
Unknown,pw,2024-07,7,37090.83,2,5707.93,15.39
Unknown,pw,2024-08,21,98575.06,6,14274.94,14.48
Unknown,pw,2024-09,19,67206.41,8,8685.62,12.92
Unknown,pw,2024-10,16,74622.84,4,14034.11,18.81
Unknown,pw,2024-11,21,89165.59,4,17808.05,19.97
Unknown,pw,2024-12,19,77254.06,4,16867.67,21.83
Unknown,pw,2025-01,19,95637.61,7,27337.04,28.58
Unknown,pw,2025-02,19,86149.69,9,31265.3,36.29
Unknown,pw,2025-03,21,79741.49,7,14873.86,18.65
Unknown,pw,2025-04,9,38194.35,2,8646.99,22.64
Unknown,pw,2025-05,19,77705.94,7,13049.09,16.79
Unknown,pw,2025-06,21,79692.01,7,12952.49,16.25
Unknown,pw,2025-07,8,37667.11,1,322.62,0.86
West,ak,2024-07,9,34857.54,1,4005.76,11.49
West,ak,2024-08,19,115812.23,7,26375.55,22.77
West,ak,2024-09,14,63048.46,4,13558.92,21.51
West,ak,2024-10,24,96935.6,6,10848.29,11.19
West,ak,2024-11,16,73753.07,5,25780.25,34.95
West,ak,2024-12,17,72900.66,4,3127.87,4.29
West,ak,2025-01,15,56956.64,8,28656.75,50.31
West,ak,2025-02,21,112679.51,5,14718.16,13.06
West,ak,2025-03,11,42950.72,3,8792.97,20.47
West,ak,2025-04,16,76369.03,5,14694.85,19.24
West,ak,2025-05,9,35334.59,1,1409.95,3.99
West,ak,2025-06,14,63599.91,6,22009.15,34.61
West,ak,2025-07,10,43532.92,3,13913.29,31.96
West,az,2024-07,5,18476.95,2,8352.72,45.21
West,az,2024-08,14,65950.51,4,13355.41,20.25
West,az,2024-09,20,92371.31,6,8844.54,9.57
West,az,2024-10,14,73924.63,3,7366.8,9.97
West,az,2024-11,7,17544.83,2,3141.77,17.91
West,az,2024-12,13,54513.04,2,9814.99,18.0
West,az,2025-01,12,43681.54,3,10172.19,23.29
West,az,2025-02,9,42364.76,2,10151.47,23.96
West,az,2025-03,11,57486.31,2,4226.63,7.35
West,az,2025-04,15,59839.51,3,6315.8,10.55
West,az,2025-05,11,53791.68,5,10076.95,18.73
West,az,2025-06,16,76453.49,6,27894.02,36.48
West,az,2025-07,7,31791.85,1,5694.9,17.91
West,ca,2024-07,6,17062.59,3,5501.61,32.24
West,ca,2024-08,13,66880.73,5,15002.58,22.43
West,ca,2024-09,15,61949.79,3,12042.7,19.44
West,ca,2024-10,11,48226.19,3,10210.3,21.17
West,ca,2024-11,22,86052.51,6,17118.96,19.89
West,ca,2024-12,13,56493.85,2,745.72,1.32
West,ca,2025-01,9,32092.12,2,4619.8,14.4
West,ca,2025-02,4,9743.75,2,1882.35,19.32
West,ca,2025-03,15,45978.21,6,10677.56,23.22
West,ca,2025-04,9,49869.3,5,16820.16,33.73
West,ca,2025-05,23,74545.0,5,13533.26,18.15
West,ca,2025-06,11,45274.71,4,7833.65,17.3
West,ca,2025-07,10,38289.64,6,17121.05,44.71
West,co,2024-07,7,17453.82,2,5666.28,32.46
West,co,2024-08,24,94868.2,9,16894.4,17.81
West,co,2024-09,13,71536.77,5,8942.44,12.5
West,co,2024-10,23,114730.95,7,26368.87,22.98
West,co,2024-11,16,49454.85,3,2765.88,5.59
West,co,2024-12,23,106010.52,8,32324.24,30.49
West,co,2025-01,18,57274.66,4,13968.78,24.39
West,co,2025-02,7,29973.07,1,203.42,0.68
West,co,2025-03,23,83996.3,5,16677.55,19.86
West,co,2025-04,18,67353.32,7,25928.72,38.5
West,co,2025-05,16,66025.38,6,28543.04,43.23
West,co,2025-06,14,59931.2,3,9556.94,15.95
West,co,2025-07,12,58718.62,4,19872.91,33.84
West,hi,2024-07,5,13457.84,2,7564.01,56.21
West,hi,2024-08,5,20423.65,3,12396.47,60.7
West,hi,2024-09,12,51083.39,3,10386.98,20.33
West,hi,2024-10,13,51742.98,2,7533.21,14.56
West,hi,2024-11,6,19717.69,0,0,0.0
West,hi,2024-12,10,38597.26,3,12125.48,31.42
West,hi,2025-01,12,46808.63,5,22649.13,48.39
West,hi,2025-02,12,56825.29,5,12880.23,22.67
West,hi,2025-03,11,50119.5,2,3898.49,7.78
West,hi,2025-04,6,28264.68,0,0,0.0
West,hi,2025-05,10,52941.39,3,5600.13,10.58
West,hi,2025-06,16,59699.72,3,7718.01,12.93
West,hi,2025-07,7,28745.52,5,9956.18,34.64
West,id,2024-07,5,19519.68,3,2990.69,15.32
West,id,2024-08,20,87823.75,6,20940.71,23.84
West,id,2024-09,23,74721.1,6,13208.69,17.68
West,id,2024-10,22,79968.16,7,16154.99,20.2
West,id,2024-11,17,78240.57,6,14456.27,18.48
West,id,2024-12,22,81925.43,6,31363.47,38.28
West,id,2025-01,9,33315.13,3,15579.86,46.77
West,id,2025-02,16,62365.01,6,19890.58,31.89
West,id,2025-03,16,77912.55,3,16132.33,20.71
West,id,2025-04,17,65278.43,7,9219.97,14.12
West,id,2025-05,16,71419.57,4,21015.38,29.43
West,id,2025-06,14,73179.15,5,12626.68,17.25
West,id,2025-07,11,50390.65,5,23769.27,47.17
West,mt,2024-07,9,35171.29,6,11872.7,33.76
West,mt,2024-08,20,100158.07,6,17179.92,17.15
West,mt,2024-09,19,72311.3,6,14591.25,20.18
West,mt,2024-10,22,91377.56,10,32185.55,35.22
West,mt,2024-11,18,85611.68,4,18669.64,21.81
West,mt,2024-12,18,94574.76,9,29866.48,31.58
West,mt,2025-01,29,105008.44,10,14167.41,13.49
West,mt,2025-02,18,80641.57,5,14865.13,18.43
West,mt,2025-03,14,62828.75,8,27258.02,43.38
West,mt,2025-04,21,63909.44,7,13473.17,21.08
West,mt,2025-05,24,97063.28,9,17247.06,17.77
West,mt,2025-06,12,49482.54,2,5320.12,10.75
West,mt,2025-07,9,27458.35,1,53.9,0.2
West,nm,2024-07,3,17439.79,2,11779.05,67.54
West,nm,2024-08,6,24955.86,2,10056.67,40.3
West,nm,2024-09,8,31368.52,0,0,0.0
West,nm,2024-10,8,32596.95,1,939.92,2.88
West,nm,2024-11,8,32829.24,2,6234.71,18.99
West,nm,2024-12,15,57174.07,3,5618.63,9.83
West,nm,2025-01,10,45972.08,2,8047.65,17.51
West,nm,2025-02,14,67078.51,4,11969.71,17.84
West,nm,2025-03,11,49047.59,5,19460.92,39.68
West,nm,2025-04,7,24599.39,1,1367.31,5.56
West,nm,2025-05,7,22904.07,5,6684.16,29.18
West,nm,2025-06,14,66042.96,4,8525.74,12.91
West,nm,2025-07,13,58999.17,4,7301.6,12.38
West,nv,2024-07,4,27019.22,0,0,0.0
West,nv,2024-08,16,73100.98,4,9764.77,13.36
West,nv,2024-09,19,81076.56,10,28885.96,35.63
West,nv,2024-10,20,95276.8,6,18674.03,19.6
West,nv,2024-11,17,58254.74,7,20344.54,34.92
West,nv,2024-12,13,49837.07,4,12698.33,25.48
West,nv,2025-01,17,63397.74,4,9661.06,15.24
West,nv,2025-02,10,44231.55,2,8780.86,19.85
West,nv,2025-03,15,54245.87,4,8644.58,15.94
West,nv,2025-04,13,54180.77,3,4431.82,8.18
West,nv,2025-05,19,62723.46,5,8371.32,13.35
West,nv,2025-06,7,30678.62,3,3579.76,11.67
West,nv,2025-07,10,56742.13,3,15753.48,27.76
West,or,2024-07,6,34906.22,3,3979.13,11.4
West,or,2024-08,11,59028.46,5,21131.04,35.8
West,or,2024-09,13,68237.98,3,11237.29,16.47
West,or,2024-10,15,69330.78,4,17073.61,24.63
West,or,2024-11,13,57814.39,4,24071.59,41.64
West,or,2024-12,13,60591.63,6,13175.11,21.74
West,or,2025-01,15,67068.23,7,22818.78,34.02
West,or,2025-02,6,26599.92,3,15494.18,58.25
West,or,2025-03,11,33918.96,1,4032.06,11.89
West,or,2025-04,6,31657.78,3,14071.53,44.45
West,or,2025-05,3,13485.7,1,3330.09,24.69
West,or,2025-06,8,23804.42,1,880.44,3.7
West,or,2025-07,9,38659.9,2,5787.58,14.97
West,ut,2024-07,4,13295.41,4,10223.04,76.89
West,ut,2024-08,12,51525.88,5,15439.72,29.96
West,ut,2024-09,9,33315.06,4,10699.85,32.12
West,ut,2024-10,15,67109.14,2,6745.64,10.05
West,ut,2024-11,8,43785.92,3,3063.08,7.0
West,ut,2024-12,7,41577.87,2,11901.61,28.62
West,ut,2025-01,16,82452.96,5,8850.21,10.73
West,ut,2025-02,16,61269.27,5,20740.46,33.85
West,ut,2025-03,7,29824.71,4,12428.08,41.67
West,ut,2025-04,24,97207.82,6,29362.49,30.21
West,ut,2025-05,15,86931.64,7,31020.09,35.68
West,ut,2025-06,13,41227.35,3,8526.38,20.68
West,ut,2025-07,6,28900.57,2,2726.67,9.43
West,wa,2024-07,5,22174.8,2,7453.08,33.61
West,wa,2024-08,10,42890.95,0,0,0.0
West,wa,2024-09,6,31440.52,1,4508.14,14.34
West,wa,2024-10,16,57238.81,2,2564.65,4.48
West,wa,2024-11,5,26753.88,2,3342.65,12.49
West,wa,2024-12,12,50258.65,4,9924.7,19.75
West,wa,2025-01,14,43953.75,6,11909.76,27.1
West,wa,2025-02,14,71886.3,6,26903.79,37.43
West,wa,2025-03,10,32735.54,2,6793.24,20.75
West,wa,2025-04,11,39607.41,4,5442.9,13.74
West,wa,2025-05,21,91369.76,10,27991.84,30.64
West,wa,2025-06,10,50782.96,3,16830.37,33.14
West,wa,2025-07,4,15939.03,0,0,0.0
West,wy,2024-07,2,7671.53,2,7486.34,97.59
West,wy,2024-08,10,47724.3,4,6136.83,12.86
West,wy,2024-09,6,20900.79,0,0,0.0
West,wy,2024-10,7,34939.04,2,6160.74,17.63
West,wy,2024-11,5,24840.69,0,0,0.0
West,wy,2024-12,9,33116.83,5,14198.92,42.88
West,wy,2025-01,8,36736.81,1,2919.79,7.95
West,wy,2025-02,5,12284.37,2,7253.75,59.05
West,wy,2025-03,15,72663.34,5,7325.24,10.08
West,wy,2025-04,9,30028.25,3,6260.79,20.85
West,wy,2025-05,11,52859.0,4,16930.57,32.03
West,wy,2025-06,10,44704.77,5,16321.01,36.51
West,wy,2025-07,6,14160.82,2,3145.52,22.21
