product_id,product_name,category,unit_price,cost_price,inventory_quantity
1,Modern Rug,Home,121.74,78.35,139
2,MODERN ANTHOLOGY,Books,220.86,120.72,112
3,smart headphones,Electronics,61.64,28.27,150
4,Fun Doll,Toys,203.13,87.06,112
5,Fun Doll,Toys,249.18,118.07,106
6,Elegant Table,Home,84.83,52.09,184
7,Elegant Chair,Home,34.1,16.4,181
8,Compact Headphones,Electronics,104.08,54.39,160
9,Classic Shirt,Clothing,246.87,125.06,237
10,Classic Memoir,Books,148.57,93.48,112
11,Compact Monitor,Electronics,157.92,92.44,230
12,Colorful Puzzle,Toys,44.26,23.82,100
13,Classic Anthology,Books,81.93,57.03,174
14,Interactive Car,Toys,108.87,65.69,132
15,Wireless Camera,Electronics,140.78,82.36,189
16,MODERN TABLE,Home,217.3,140.71,243
17,Interactive Blocks,Toys,189.42,112.87,207
18,Modern Chair,Home,218.22,135.5,148
19, MODERN RUG  ,Home,222.37,143.06,196
20,Durable Jacket,Clothing,229.79,102.68,133
21,Interactive Blocks,Toys,182.87,117.95,215
22,Rustic Lamp,Home,113.76,54.93,192
23,Modern Table,Home,87.67,45.71,238
24,Modern Anthology,Books,76.68,43.5,153
25,Compact Camera,Electronics,23.28,16.06,157
26,Stylish Sweater,Clothing,221.22,90.09,225
27,Portable Speaker,Electronics,44.33,26.41,126
28,Elegant Chair,Home,140.18,57.47,236
29,Rustic Lamp,Home,137.26,75.11,248
30,Comfortable Shirt,Clothing,11.85,8.2,161
31,Interactive Blocks,Toys,222.78,96.23,115
32,Portable Camera,Electronics,40.24,25.66,185
33,Illustrated Guide,Books,28.34,18.66,174
34,Elegant Table,Home,206.17,85.16,163
35,Portable Speaker,Electronics,70.99,33.5,189
36,Colorful Doll,Toys,44.12,28.17,166
37,Classic Sweater,Clothing,178.82,113.18,236
38,Smart Speaker,Electronics,139.98,62.42,243
39,Wireless Headphones,Electronics,227.32,106.81,198
40,Classic Memoir,Books,50.74,23.47,162
41,Compact Speaker,Electronics,44.33,20.7,177
42,cozy rug,Home,7.86,4.15,196
43,Compact Camera,Electronics,57.24,23.3,172
44,Smart Headphones,Electronics,221.71,106.86,170
45,Cozy Table,Home,221.46,115.95,167
46,Smart Camera,Electronics,202.94,135.71,111
47,Elegant Rug,Home,194.21,131.09,208
48,Interactive Puzzle,Toys,200.23,102.4,114
49,Cozy Rug,Home,64.57,37.58,109
50,Modern Lamp,Home,63.93,30.69,194
51,Rustic Rug,Home,115.53,47.43,139
52, Modern Table ,Home,99.17,68.18,197
53,Smart Speaker,Electronics,14.43,7.59,212
54,Modern Rug,Home,109.37,74.44,112
55,Durable Jeans,Clothing,213.24,139.65,246
56,Modern Lamp,Home,139.29,83.1,210
57,Interactive Blocks,Toys,91.8,57.08,184
58,Modern Memoir,Books,168.16,74.23,214
59,Stylish Jacket,Clothing,41.79,25.84,202
60,Stylish Jacket,Clothing,21.47,13.43,236
61,Compact Headphones,Electronics,121.24,67.15,210
62,Elegant Rug,Home,79.91,34.52,231
63,Colorful Puzzle,Toys,117.91,69.76,137
64,Compact Monitor,Electronics,43.4,29.66,163
65,Portable Headphones,Electronics,198.08,117.01,217
66,Portable Monitor,Electronics,11.41,5.5,152
67,Hardcover Memoir,Books,151.21,76.2,208
68,HARDCOVER GUIDE,Books,195.01,125.68,153
69,Elegant Rug,Home,113.09,73.53,234
70, Educational Puzzle  ,Toys,13.05,7.7,103
71,illustrated novel,Books,239.32,123.22,185
72,Modern Rug,Home,118.21,56.48,229
73,Modern Rug,Home,65.0,26.89,223
74,Wireless Speaker,Electronics,19.41,8.96,173
75,Educational Doll,Toys,59.05,31.93,144
76,Interactive Blocks,Toys,97.08,54.93,227
77,Cozy Lamp,Home,231.11,143.52,196
78,Fun Blocks,Toys,86.89,36.33,132
79,Modern Anthology,Books,207.32,105.71,238
80,Stylish Jeans,Clothing,179.47,122.95,103
81,Cozy Rug,Home,193.12,100.39,163
82,Cozy Table,Home,50.66,26.75,194
83,fun car,Toys,76.35,48.55,177
84,Rustic Lamp,Home,171.33,92.76,148
85,Portable Headphones,Electronics,178.89,112.73,130
86,comfortable shirt,Clothing,232.7,151.09,177
87,Wireless Camera,Electronics,198.52,108.03,241
88,Rustic Rug,Home,90.93,58.25,185
89,Educational Blocks,Toys,93.99,50.13,137
90,Stylish Sweater,Clothing,12.07,6.14,104
91,Stylish Jeans,Clothing,164.86,106.17,175
92,Interactive Car,Toys,21.17,9.93,110
93,Wireless Headphones,Electronics,237.65,157.09,228
94,Durable Jeans,Clothing,126.0,71.48,239
95,durable jeans,Clothing,185.16,84.08,191
96,Interactive Car,Toys,161.18,96.86,185
97,Stylish Jacket,Clothing,141.72,82.42,159
98,Modern Anthology,Books,96.24,40.33,160
99,Modern Lamp,Home,20.52,8.83,237
100,Colorful Puzzle,Toys,162.64,78.67,183
101,Smart Headphones,Electronics,36.28,19.59,188
102,Illustrated Memoir,Books,7.99,4.2,164
103,Colorful Car,Toys,60.18,41.18,189
104,Compact Monitor,Electronics,241.34,121.18,244
105,Stylish Jacket,Clothing,120.89,65.58,246
106,Modern Guide,Books,149.44,83.13,136
107,Smart Speaker,Electronics,114.27,47.92,120
108,INTERACTIVE DOLL,Toys,105.98,61.0,197
109, Rustic Rug  ,Home,80.95,52.88,196
110,Portable Camera,Electronics,158.93,81.41,148
111,Smart Monitor,Electronics,113.85,73.61,134
112,Modern Lamp,Home,150.39,66.7,231
113,Colorful Car,Toys,185.57,117.53,144
114,Interactive Puzzle,Toys,82.98,50.23,163
115,compact camera,Electronics,160.79,88.25,164
116,Smart Monitor,Electronics,180.39,121.24,143
117,Interactive Puzzle,Toys,155.67,78.05,247
118,Educational Blocks,Toys,69.96,44.88,152
119,Modern Novel,Books,87.91,49.25,104
120,Classic Shirt,Clothing,185.67,109.53,219
121,Hardcover Memoir,Books,88.55,39.14,143
122,Modern Memoir,Books,132.71,84.45,175
123,Hardcover Novel,Books,65.53,40.22,235
124,Durable Sweater,Clothing,153.7,98.54,144
125,Stylish Sweater,Clothing,144.17,88.59,133
126,Interactive Car,Toys,35.45,19.5,239
127,Cozy Table,Home,223.67,122.34,232
128,Educational Puzzle,Toys,86.78,52.3,169
129,Wireless Speaker,Electronics,213.35,126.63,116
130,  Modern Chair ,Home,138.49,67.53,186
131,Stylish Jacket,Clothing,55.98,37.12,132
132,COMPACT SPEAKER,Electronics,60.71,31.74,225
133,Modern Guide,Books,34.55,20.96,186
134,ILLUSTRATED NOVEL,Books,186.91,126.78,151
135,Durable Jacket,Clothing,21.85,10.18,231
136,Portable Speaker,Electronics,161.57,66.81,222
137,Rustic Chair,Home,72.17,39.59,226
138,Classic Sweater,Clothing,74.02,32.23,241
139,Compact Speaker,Electronics,120.43,57.71,185
140,Compact Headphones,Electronics,225.54,148.11,176
141,Cozy Rug,Home,236.28,130.11,172
142,Smart Camera,Electronics,205.75,126.91,228
143,Classic Anthology,Books,124.12,50.1,106
144,Wireless Speaker,Electronics,22.9,11.6,189
145,Interactive Doll,Toys,136.02,58.9,178
146,Modern Table,Home,75.41,32.77,237
147,Rustic Table,Home,55.45,25.89,211
148,Wireless Camera,Electronics,197.34,116.78,159
149,Durable Jacket,Clothing,98.23,63.03,200
150,Modern Table,Home,233.88,104.85,207
151,Fun Puzzle,Toys,18.51,12.14,111
152,Cozy Lamp,Home,140.16,91.07,153
153,Classic Jacket,Clothing,46.75,24.39,152
154,Fun Puzzle,Toys,244.01,126.73,223
155,Fun Puzzle,Toys,20.31,12.23,162
156,fun puzzle,Toys,227.75,119.45,235
157,Elegant Rug,Home,230.23,106.43,132
158,Educational Doll,Toys,194.15,129.2,166
159,classic jacket,Clothing,110.66,54.39,197
160,Smart Speaker,Electronics,107.8,45.27,161
161,Interactive Doll,Toys,111.84,48.3,165
162,Classic Jeans,Clothing,71.34,33.4,113
163,Stylish Sweater,Clothing,35.24,18.33,110
164,Hardcover Guide,Books,226.84,114.45,145
165,Interactive Car,Toys,55.26,36.78,201
166,Interactive Car,Toys,169.48,68.75,161
167,Classic Sweater,Clothing,79.65,40.29,181
168,Interactive Puzzle,Toys,12.15,8.24,186
169,  Cozy Lamp  ,Home,134.3,55.23,118
170,Portable Speaker,Electronics,107.97,71.9,152
171,Modern Rug,Home,27.99,11.35,206
172,Modern Rug,Home,168.76,78.44,217
173,Smart Speaker,Electronics,158.45,67.01,174
174,Cozy Lamp,Home,126.13,63.1,127
175,Fun Doll,Toys,60.7,36.84,212
176,Colorful Car,Toys,172.59,93.16,173
177,Cozy Chair,Home,235.51,113.64,179
178,Educational Puzzle,Toys,107.63,68.48,142
179,Hardcover Anthology,Books,54.5,21.98,158
180,Comfortable Shirt,Clothing,141.91,57.56,244
181,Modern Memoir,Books,223.24,118.34,102
182,Stylish Shirt,Clothing,66.08,29.74,173
183,Fun Car,Toys,241.91,107.89,169
184,Rustic Lamp,Home,223.93,109.32,144
185,Portable Speaker,Electronics,87.75,49.36,226
186,Portable Monitor,Electronics,230.57,154.84,193
187,Illustrated Guide,Books,136.19,92.59,238
188,Classic Jacket,Clothing,90.23,45.25,208
189,Elegant Table,Home,184.2,123.86,222
190,Compact Speaker,Electronics,100.73,65.42,222
191,Modern Novel,Books,151.5,93.27,105
192,  Classic Memoir ,Books,218.12,123.39,228
193,  Colorful Puzzle ,Toys,67.08,32.94,137
194,Interactive Doll,Toys,69.53,41.17,238
195,Illustrated Anthology,Books,218.47,116.59,232
196,Compact Headphones,Electronics,233.89,153.86,238
197,Wireless Monitor,Electronics,183.58,119.92,217
198,Hardcover Anthology,Books,224.74,141.87,245
199,Interactive Blocks,Toys,42.55,18.57,105
200,Fun Doll,Toys,78.46,32.44,125
201,Elegant Lamp,Home,219.35,142.53,243
202,Interactive Car,Toys,186.69,112.87,118
203,Comfortable Sweater,Clothing,173.85,103.84,162
204,Rustic Table,Home,42.34,29.01,161
205, Comfortable Sweater  ,Clothing,63.79,30.84,227
206,Durable Sweater,Clothing,235.56,107.87,143
207,Wireless Monitor,Electronics,209.11,139.1,137
208,Colorful Car,Toys,152.14,90.29,222
209,Smart Headphones,Electronics,187.6,112.94,113
210,modern guide,Books,135.15,58.52,179
211,Wireless Camera,Electronics,214.62,124.9,153
212,Comfortable Jeans,Clothing,51.76,22.97,119
213,HARDCOVER MEMOIR,Books,225.89,118.69,122
214,Stylish Shirt,Clothing,140.01,66.71,108
215,Compact Headphones,Electronics,88.42,36.08,191
216,Classic Jacket,Clothing,195.73,91.07,122
217,Interactive Car,Toys,104.55,71.89,185
218,Interactive Car,Toys,96.71,65.6,213
219,Durable Jacket,Clothing,154.4,81.59,187
220,Classic Jacket,Clothing,176.1,107.44,243
221,Portable Speaker,Electronics,206.6,86.98,232
222,classic shirt,Clothing,219.1,137.45,179
223,Classic Jacket,Clothing,232.69,94.38,122
224,Stylish Shirt,Clothing,100.09,54.38,133
225,Portable Monitor,Electronics,104.12,50.03,105
226,Classic Shirt,Clothing,236.16,119.83,132
227,Smart Headphones,Electronics,56.45,34.3,124
228,Classic Novel,Books,168.23,87.8,118
229,Cozy Chair,Home,76.26,40.57,124
230,Rustic Chair,Home,246.53,133.61,119
231,  Durable Sweater  ,Clothing,181.81,116.27,180
232,Portable Monitor,Electronics,106.62,44.47,224
233,Colorful Puzzle,Toys,34.7,19.09,218
234,  Smart Monitor  ,Electronics,98.32,48.77,126
235,Classic Jeans,Clothing,236.48,109.26,145
236,Comfortable Sweater,Clothing,215.54,104.62,133
237,Classic Shirt,Clothing,227.04,91.83,166
238,Compact Speaker,Electronics,94.44,49.84,204
239,Classic Memoir,Books,228.51,136.64,148
240,Durable Sweater,Clothing,132.3,78.24,212
241,Hardcover Anthology,Books,78.71,40.57,127
242,Colorful Car,Toys,116.41,61.54,124
243,MODERN NOVEL,Books,209.58,101.64,195
244,Wireless Headphones,Electronics,122.31,59.45,158
245,Cozy Table,Home,18.1,10.7,186
246,Smart Camera,Electronics,59.4,28.69,247
247,Educational Car,Toys,205.0,103.2,236
248,Illustrated Anthology,Books,106.83,59.06,164
249,Modern Memoir,Books,195.08,98.8,237
250,Wireless Headphones,Electronics,245.21,112.25,189
251,Classic Sweater,Clothing,193.03,107.84,202
252,Wireless Headphones,Electronics,168.39,73.57,224
253,Modern Guide,Books,187.84,90.89,182
254,Portable Camera,Electronics,47.53,33.04,102
255,Classic Shirt,Clothing,225.47,92.63,188
256,Illustrated Anthology,Books,70.44,43.96,186
257,Portable Headphones,Electronics,174.85,102.84,206
258,Fun Car,Toys,212.8,138.83,114
259,Cozy Chair,Home,78.18,40.6,240
260,Interactive Blocks,Toys,164.0,85.11,234
261,Modern Rug,Home,176.56,83.34,224
262,Classic Guide,Books,48.93,20.33,142
263,Hardcover Anthology,Books,186.99,110.52,181
264,Compact Monitor,Electronics,88.14,46.55,211
265,Comfortable Jacket,Clothing,159.59,73.9,145
266,Elegant Table,Home,244.46,103.37,111
267,Comfortable Sweater,Clothing,122.91,74.56,174
268,Elegant Table,Home,9.53,5.31,165
269,Classic Sweater,Clothing,33.97,13.75,153
270,  Educational Puzzle  ,Toys,111.11,52.96,211
271,Colorful Blocks,Toys,206.48,108.83,107
272,Portable Speaker,Electronics,132.14,61.56,130
273,RUSTIC RUG,Home,94.84,65.13,105
274,Compact Headphones,Electronics,167.43,79.52,221
275,Modern Guide,Books,167.46,95.58,160
276,Modern Table,Home,212.92,131.34,158
277,Smart Camera,Electronics,47.85,23.77,140
278,Compact Headphones,Electronics,207.41,119.53,164
279,Interactive Doll,Toys,216.88,132.72,213
280,Classic Shirt,Clothing,172.3,96.3,218
281,Compact Headphones,Electronics,181.29,122.44,140
282,Compact Headphones,Electronics,203.01,96.47,195
283,Modern Table,Home,10.84,5.75,191
284,Wireless Headphones,Electronics,127.24,58.36,159
285,Durable Jacket,Clothing,17.45,12.16,240
286,Modern Novel,Books,111.59,50.3,121
287,Colorful Doll,Toys,239.29,144.26,217
288, Durable Jeans ,Clothing,36.53,23.43,200
289,Smart Camera,Electronics,95.85,56.0,195
290,Classic Sweater,Clothing,232.79,106.36,191
291,Smart Headphones,Electronics,79.9,45.05,223
292,  Classic Guide  ,Books,91.97,47.52,119
293,Fun Blocks,Toys,220.91,98.05,214
294,Interactive Doll,Toys,193.83,128.76,157
295,Portable Headphones,Electronics,201.65,137.16,160
296,Educational Doll,Toys,71.76,35.25,235
297,Rustic Lamp,Home,62.71,28.77,140
298,Hardcover Novel,Books,202.04,107.93,121
299,Wireless Headphones,Electronics,162.84,77.79,129
300,Wireless Monitor,Electronics,167.93,89.84,112
301,Compact Camera,Electronics,233.91,138.52,163
302,Wireless Headphones,Electronics,119.11,62.37,109
303,Comfortable Shirt,Clothing,171.7,96.29,103
304,Educational Doll,Toys,109.45,58.01,130
305,Stylish Jacket,Clothing,115.92,80.76,177
306,Rustic Rug,Home,41.86,22.89,143
307,Modern Lamp,Home,156.64,80.91,201
308,Classic Jeans,Clothing,225.6,128.11,201
309,Fun Doll,Toys,39.35,25.57,160
310,Portable Headphones,Electronics,61.99,35.06,247
311,Modern Anthology,Books,104.77,43.97,245
312,Interactive Doll,Toys,27.13,16.57,127
313,Colorful Car,Toys,43.72,24.46,166
314,modern anthology,Books,13.8,8.31,194
315,Modern Chair,Home,137.9,61.24,130
316, Classic Anthology  ,Books,7.86,4.96,199
317,ILLUSTRATED NOVEL,Books,163.53,101.61,109
318,Illustrated Anthology,Books,58.85,36.84,145
319,Modern Rug,Home,221.43,110.52,208
320,Classic Shirt,Clothing,225.74,151.32,192
321,Modern Chair,Home,161.56,98.64,144
322,Cozy Chair,Home,150.21,80.61,235
323,Modern Memoir,Books,49.48,32.51,249
324,Comfortable Jacket,Clothing,84.74,57.59,113
325,Durable Jacket,Clothing,135.78,78.52,233
326,Compact Speaker,Electronics,226.36,110.29,247
327,Elegant Table,Home,13.59,8.34,181
328,Comfortable Jeans,Clothing,160.35,91.15,246
329,Rustic Table,Home,129.89,64.19,104
330,Modern Memoir,Books,101.93,61.42,141
331,Elegant Lamp,Home,100.91,56.98,213
332,Hardcover Novel,Books,107.86,69.03,218
333,Rustic Lamp,Home,103.72,62.66,204
334,Modern Chair,Home,249.07,168.86,222
335,  Educational Car ,Toys,50.48,34.1,140
336, Durable Sweater ,Clothing,231.39,153.56,170
337,Interactive Blocks,Toys,44.1,23.47,246
338,Fun Puzzle,Toys,51.35,26.82,181
339,Cozy Rug,Home,180.54,93.06,191
340,Interactive Doll,Toys,212.7,88.68,111
341,Durable Jeans,Clothing,207.63,140.29,213
342,Wireless Camera,Electronics,194.01,94.68,219
343,Smart Speaker,Electronics,29.75,20.43,234
344,Portable Speaker,Electronics,223.58,153.84,229
345,Stylish Sweater,Clothing,212.8,94.09,234
346,Durable Jacket,Clothing,184.79,114.13,242
347,Interactive Puzzle,Toys,84.38,50.81,131
348,Elegant Lamp,Home,76.22,36.48,155
349,Stylish Sweater,Clothing,17.07,10.1,166
350,Classic Shirt,Clothing,145.88,71.92,218
351,Modern Lamp,Home,199.36,113.23,236
352,Hardcover Novel,Books,89.05,54.83,150
353,Colorful Car,Toys,131.49,84.76,212
354,Colorful Blocks,Toys,180.99,112.38,232
355,Elegant Rug,Home,108.37,73.17,224
356,Portable Camera,Electronics,201.07,129.72,130
357,Portable Headphones,Electronics,110.22,58.26,175
358,Portable Monitor,Electronics,31.13,19.91,183
359,Interactive Puzzle,Toys,33.98,16.4,179
360,Illustrated Anthology,Books,242.67,168.8,176
361,Compact Headphones,Electronics,249.15,122.9,198
362,Compact Camera,Electronics,56.6,38.25,199
363,Rustic Table,Home,184.97,113.53,148
364,Comfortable Jeans,Clothing,21.11,12.28,126
365,Classic Jacket,Clothing,14.21,8.22,181
366,Cozy Rug,Home,22.71,15.17,172
367,Hardcover Novel,Books,235.19,114.91,221
368,Elegant Lamp,Home,193.22,127.02,245
369,Wireless Headphones,Electronics,249.91,168.68,210
370,Modern Guide,Books,56.07,32.51,203
371,Fun Puzzle,Toys,152.73,63.34,150
372,Classic Memoir,Books,237.69,157.43,208
373,Rustic Table,Home,225.72,133.62,225
374,Modern Lamp,Home,70.18,46.52,191
375,  Wireless Camera ,Electronics,197.3,106.26,125
376, Smart Monitor ,Electronics,222.96,130.0,220
377,Classic Jacket,Clothing,154.8,86.23,233
378,Fun Doll,Toys,97.0,55.99,232
379,Portable Camera,Electronics,199.4,128.26,175
380,Fun Doll,Toys,78.02,39.13,157
381,Modern Novel,Books,114.55,68.74,148
382,Elegant Table,Home,199.72,88.21,106
383,Interactive Puzzle,Toys,95.95,40.24,161
384,Comfortable Jacket,Clothing,62.18,35.2,182
385,Educational Puzzle,Toys,127.52,67.42,196
386,EDUCATIONAL DOLL,Toys,113.7,69.71,201
387,Rustic Rug,Home,181.36,118.86,208
388,Classic Novel,Books,75.65,49.39,242
389,Classic Anthology,Books,194.49,121.69,141
390,Hardcover Novel,Books,215.2,143.38,117
391,Wireless Camera,Electronics,133.84,76.13,159
392,Hardcover Novel,Books,136.09,58.23,170
393,Modern Chair,Home,218.54,106.9,171
394,Illustrated Memoir,Books,165.55,75.21,124
395,Interactive Car,Toys,237.59,111.16,148
396,Fun Puzzle,Toys,52.01,26.58,199
397,DURABLE JACKET,Clothing,233.71,135.46,126
398,Hardcover Novel,Books,78.17,50.3,120
399,Portable Headphones,Electronics,216.28,142.05,188
400,Fun Doll,Toys,174.53,98.89,197
401,Illustrated Guide,Books,229.82,102.49,217
402,Classic Novel,Books,171.4,84.64,181
403,Classic Shirt,Clothing,13.56,8.15,116
404,Modern Chair,Home,106.92,46.85,244
405,Modern Anthology,Books,171.47,113.51,100
406,Modern Rug,Home,138.0,56.94,108
407,Durable Jacket,Clothing,14.99,7.36,244
408,Modern Guide,Books,84.67,39.39,165
409,Compact Headphones,Electronics,31.4,17.48,194
410,Durable Jacket,Clothing,64.63,41.42,186
411,Modern Table,Home,162.27,95.63,123
412,Elegant Lamp,Home,211.81,134.93,208
413,Modern Novel,Books,217.74,122.03,150
414,Classic Guide,Books,108.39,52.57,149
415,Modern Memoir,Books,225.06,117.99,199
416,Rustic Table,Home,125.43,52.13,121
417,Stylish Jeans,Clothing,38.43,26.41,188
418,Durable Jacket,Clothing,26.35,15.82,176
419,Comfortable Jeans,Clothing,215.83,99.3,102
420,Interactive Puzzle,Toys,219.61,104.86,239
421,Stylish Jeans,Clothing,98.54,53.34,171
422,Smart Monitor,Electronics,40.87,27.96,107
423,Wireless Speaker,Electronics,148.43,102.73,154
424,Durable Jeans,Clothing,158.55,69.93,194
425,Comfortable Sweater,Clothing,118.23,76.23,203
426, Cozy Table  ,Home,60.18,35.67,218
427,Modern Rug,Home,40.99,19.52,230
428,Comfortable Jeans,Clothing,157.47,82.37,209
429,  Illustrated Novel  ,Books,34.11,14.4,147
430,Smart Camera,Electronics,18.81,11.96,122
431,Educational Blocks,Toys,177.44,98.49,114
432,Stylish Jacket,Clothing,46.41,29.26,165
433,Hardcover Anthology,Books,200.27,93.6,222
434,Comfortable Shirt,Clothing,15.02,10.19,167
435,COLORFUL CAR,Toys,156.01,96.4,113
436,Comfortable Jacket,Clothing,153.84,95.97,118
437,Durable Shirt,Clothing,79.39,50.55,187
438,Comfortable Jeans,Clothing,203.27,135.3,241
439,Colorful Car,Toys,58.11,36.36,155
440, Portable Monitor  ,Electronics,222.79,150.05,221
441,Rustic Rug,Home,83.05,40.77,175
442,Wireless Speaker,Electronics,75.37,35.66,204
443,Interactive Puzzle,Toys,155.6,107.96,224
444,Interactive Puzzle,Toys,128.17,51.74,105
445,Modern Novel,Books,245.82,121.8,180
446,Comfortable Shirt,Clothing,28.38,11.72,146
447,Hardcover Novel,Books,64.74,44.2,158
448,Colorful Puzzle,Toys,147.1,78.27,144
449, Wireless Headphones  ,Electronics,156.87,95.21,128
450,Educational Doll,Toys,74.6,52.14,122
451, Educational Car  ,Toys,101.82,54.59,128
452,Durable Jacket,Clothing,240.86,155.3,111
453,Colorful Puzzle,Toys,107.19,43.46,215
454,Elegant Table,Home,236.83,130.78,199
455,Modern Rug,Home,171.9,93.19,164
456,Portable Monitor,Electronics,7.92,4.01,119
457,Cozy Lamp,Home,186.52,127.26,163
458,Classic Memoir,Books,151.79,92.75,146
459,Interactive Doll,Toys,58.05,24.22,144
460,Smart Headphones,Electronics,52.83,21.61,177
461,Comfortable Jeans,Clothing,32.96,13.2,159
462,Smart Headphones,Electronics,95.04,40.9,213
463,Colorful Blocks,Toys,41.86,26.54,236
464, Wireless Speaker  ,Electronics,30.11,12.1,229
465,Fun Puzzle,Toys,199.6,105.17,186
466,Classic Jacket,Clothing,220.46,101.48,234
467,Colorful Doll,Toys,132.8,54.51,195
468, Durable Shirt ,Clothing,26.98,15.51,205
469, Educational Doll  ,Toys,63.85,25.65,207
470,Classic Jacket,Clothing,204.37,142.39,232
471, Illustrated Memoir ,Books,208.86,98.1,122
472,Colorful Blocks,Toys,53.61,35.25,206
473,Illustrated Anthology,Books,70.95,36.95,135
474,Modern Lamp,Home,147.27,88.57,156
475,Compact Headphones,Electronics,172.62,79.36,233
476,Portable Monitor,Electronics,223.04,96.04,127
477,  Portable Headphones  ,Electronics,176.06,117.47,228
478,Classic Guide,Books,176.12,77.01,180
479,Modern Memoir,Books,245.37,125.59,189
480, modern guide ,Books,193.64,78.82,158
481,Hardcover Novel,Books,92.64,50.86,204
482,Rustic Table,Home,188.61,121.83,244
483,Portable Headphones,Electronics,194.13,134.16,116
484,Interactive Puzzle,Toys,8.34,3.87,159
485,Compact Monitor,Electronics,48.42,21.42,228
486,Portable Camera,Electronics,209.63,86.09,198
487,Elegant Chair,Home,235.57,155.93,233
488,Elegant Lamp,Home,127.07,60.67,170
489,Portable Monitor,Electronics,84.31,52.76,171
490,Durable Jacket,Clothing,135.88,74.22,175
491, Smart Monitor  ,Electronics,37.28,24.14,192
492,Colorful Doll,Toys,70.83,38.13,198
493,Fun Puzzle,Toys,95.15,63.8,217
494,Educational Car,Toys,159.88,81.44,208
495,Colorful Car,Toys,100.89,47.58,247
496,Fun Car,Toys,50.07,31.9,137
497,Colorful Blocks,Toys,195.56,130.13,198
498,compact monitor,Electronics,17.54,9.04,212
499,Wireless Speaker,Electronics,117.03,74.4,138
500,Colorful Doll,Toys,244.31,168.12,205
501,Interactive Puzzle,Toys,122.18,58.22,110
502,Comfortable Jacket,Clothing,32.18,19.38,207
503,Rustic Table,Home,159.18,79.9,214
504,Compact Camera,Electronics,75.01,38.22,189
505,Hardcover Memoir,Books,141.01,86.05,218
506,Comfortable Jeans,Clothing,33.51,21.39,118
507,Modern Novel,Books,247.41,137.86,201
508,Comfortable Jacket,Clothing,110.23,58.47,193
509,Portable Camera,Electronics,193.1,101.62,229
510,Rustic Table,Home,170.01,85.02,221
511,Portable Monitor,Electronics,156.1,77.54,225
512,Educational Blocks,Toys,104.69,48.23,247
513,Comfortable Sweater,Clothing,81.86,33.01,210
514,  Cozy Table  ,Home,236.2,129.33,136
515,Stylish Sweater,Clothing,145.85,76.99,121
516, Cozy Lamp  ,Home,199.81,81.86,223
517,Classic Jeans,Clothing,144.61,79.16,118
518,Rustic Rug,Home,137.6,81.62,136
519,Wireless Camera,Electronics,160.97,76.53,171
520,Comfortable Sweater,Clothing,87.5,49.62,204
521,Wireless Camera,Electronics,130.43,66.58,103
522,STYLISH JEANS,Clothing,118.51,78.6,162
523,FUN DOLL,Toys,97.54,66.15,230
524,Elegant Table,Home,130.31,90.45,163
525, Fun Puzzle ,Toys,99.34,47.9,149
526,Stylish Sweater,Clothing,33.74,13.6,105
527,Educational Blocks,Toys,72.36,45.53,247
528,Classic Jeans,Clothing,14.17,5.72,111
529,Rustic Chair,Home,124.02,78.26,147
530,Compact Headphones,Electronics,162.11,100.54,135
531,Rustic Table,Home,39.85,24.75,166
532,Classic Shirt,Clothing,48.52,28.98,249
533,Interactive Car,Toys,130.86,80.96,214
534,Illustrated Memoir,Books,221.62,89.51,195
535,Compact Headphones,Electronics,47.45,26.25,121
536,Interactive Blocks,Toys,146.76,70.22,236
537,Colorful Doll,Toys,211.97,125.86,114
538,Comfortable Jeans,Clothing,141.01,63.76,197
539,Interactive Car,Toys,177.72,82.82,172
540,Cozy Table,Home,10.01,5.5,226
541,Wireless Camera,Electronics,182.63,95.63,181
542,Durable Jacket,Clothing,85.63,58.33,225
543,Educational Blocks,Toys,13.75,9.56,156
544,Durable Shirt,Clothing,46.26,31.1,123
545,Classic Jacket,Clothing,226.05,126.71,200
546,Educational Blocks,Toys,159.42,85.96,175
547,Interactive Doll,Toys,110.97,70.3,227
548,Classic Novel,Books,55.02,24.22,166
549,Comfortable Jeans,Clothing,193.68,82.32,172
550,Elegant Table,Home,170.56,114.37,212
551,Smart Monitor,Electronics,108.29,45.62,225
552,Cozy Table,Home,76.15,51.2,143
553,Hardcover Guide,Books,129.69,84.89,124
554,Fun Blocks,Toys,106.57,56.25,209
555,  Rustic Chair ,Home,41.09,26.41,212
556,Wireless Speaker,Electronics,246.28,122.08,180
557,Rustic Chair,Home,104.66,58.07,202
558, Cozy Table ,Home,137.74,87.63,234
559,Compact Monitor,Electronics,246.58,122.3,190
560,Elegant Table,Home,103.85,42.51,222
561,Classic Jeans,Clothing,200.33,131.87,248
562,Illustrated Guide,Books,113.78,78.0,145
563,Illustrated Guide,Books,229.3,140.16,141
564,Elegant Lamp,Home,245.77,127.16,160
565,Illustrated Anthology,Books,31.63,14.08,192
566,Hardcover Novel,Books,70.1,45.28,111
567,Comfortable Shirt,Clothing,171.14,113.36,175
568,Hardcover Anthology,Books,216.27,92.26,212
569,Fun Doll,Toys,147.36,86.39,174
570,Interactive Doll,Toys,166.49,107.06,219
571,Hardcover Memoir,Books,205.22,96.55,189
572,  Interactive Puzzle  ,Toys,156.77,65.48,225
573,Interactive Doll,Toys,133.48,66.93,103
574,Durable Jacket,Clothing,49.6,27.82,209
575,Classic Shirt,Clothing,75.03,41.97,240
576,CLASSIC MEMOIR,Books,81.99,48.06,222
577,Durable Jeans,Clothing,27.07,17.19,103
578,Stylish Jeans,Clothing,191.92,108.07,110
579,  Interactive Blocks  ,Toys,187.82,120.16,216
580,Compact Camera,Electronics,169.64,117.97,214
581,Illustrated Novel,Books,58.82,30.57,122
582,  Fun Blocks  ,Toys,52.21,28.61,131
583,Hardcover Guide,Books,225.84,110.19,146
584,wireless speaker,Electronics,142.43,71.9,157
585,  Classic Guide  ,Books,141.71,83.72,124
586,Modern Novel,Books,35.64,24.22,234
587,Modern Table,Home,130.1,54.88,228
588,Durable Sweater,Clothing,86.97,53.1,203
589,Classic Jacket,Clothing,60.39,33.04,152
590,Comfortable Jeans,Clothing,134.72,84.8,246
591,Fun Blocks,Toys,72.09,32.72,103
592,Comfortable Jeans,Clothing,209.69,97.17,226
593,Illustrated Anthology,Books,62.71,26.07,101
594,COZY CHAIR,Home,120.82,72.39,233
595,modern anthology,Books,68.54,29.02,222
596,Hardcover Anthology,Books,74.88,31.95,218
597,Portable Speaker,Electronics,219.55,150.93,235
598,Wireless Monitor,Electronics,22.08,10.1,105
599,Wireless Camera,Electronics,112.16,46.53,137
600,Portable Headphones,Electronics,185.26,114.97,158
601,Durable Jacket,Clothing,14.41,5.84,232
602,Classic Shirt,Clothing,27.04,14.42,209
603,Educational Blocks,Toys,21.32,9.25,187
604,Compact Monitor,Electronics,141.85,73.64,177
605,Wireless Speaker,Electronics,174.87,74.06,151
606,Interactive Doll,Toys,87.38,51.53,190
607,Modern Novel,Books,48.06,25.61,237
608,Compact Camera,Electronics,192.36,121.8,119
609,Modern Table,Home,69.9,38.45,249
610,Smart Monitor,Electronics,16.14,7.22,191
611,Wireless Speaker,Electronics,223.53,116.36,145
612,Modern Chair,Home,49.0,24.54,129
613,Modern Rug,Home,213.99,103.2,103
614,Educational Doll,Toys,145.17,91.47,209
615,Rustic Table,Home,155.28,71.77,201
616,Modern Lamp,Home,243.57,106.97,126
617,Stylish Sweater,Clothing,205.93,96.71,103
618,Stylish Jeans,Clothing,134.32,62.09,215
619,Illustrated Guide,Books,238.79,117.36,188
620,Fun Doll,Toys,121.31,77.48,230
621,Illustrated Memoir,Books,49.66,33.99,154
622,Compact Monitor,Electronics,100.64,66.09,155
623,Modern Anthology,Books,105.78,43.3,109
624,Compact Monitor,Electronics,176.3,78.17,178
625,Portable Headphones,Electronics,44.35,30.72,199
626,Rustic Lamp,Home,218.68,133.55,189
627,Cozy Chair,Home,126.21,51.11,141
628,Elegant Table,Home,183.4,78.17,105
629,Elegant Lamp,Home,240.24,127.23,188
630,Elegant Rug,Home,135.08,70.41,137
631,Hardcover Anthology,Books,68.28,46.13,183
632,Stylish Sweater,Clothing,157.71,68.47,102
633,  Elegant Rug  ,Home,74.32,35.29,182
634,Portable Camera,Electronics,126.91,69.51,218
635,Classic Jeans,Clothing,152.77,61.91,244
636,Compact Speaker,Electronics,56.24,23.28,162
637,Durable Shirt,Clothing,112.54,52.27,248
638,Smart Headphones,Electronics,242.5,157.52,241
639,Wireless Headphones,Electronics,235.9,94.97,119
640,Stylish Jacket,Clothing,6.05,2.76,105
641,Comfortable Jeans,Clothing,179.86,92.48,101
642,Cozy Chair,Home,241.36,119.4,129
643,  Illustrated Memoir  ,Books,178.61,89.16,187
644,Hardcover Anthology,Books,108.53,54.2,145
645,Hardcover Anthology,Books,51.08,31.77,151
646,Portable Monitor,Electronics,182.34,119.55,167
647,Educational Doll,Toys,73.6,33.92,114
648,Portable Monitor,Electronics,63.7,30.95,195
649,Elegant Chair,Home,240.03,160.9,176
650,Stylish Shirt,Clothing,243.76,105.5,119
651,Cozy Lamp,Home,166.45,84.32,139
652,Smart Headphones,Electronics,209.83,106.62,215
653, Wireless Camera ,Electronics,235.53,131.5,114
654,Modern Anthology,Books,195.71,123.85,100
655,WIRELESS CAMERA,Electronics,191.99,113.04,178
656,Cozy Rug,Home,237.61,103.77,238
657,Stylish Sweater,Clothing,67.09,40.43,216
658,Wireless Headphones,Electronics,185.97,83.12,146
659,Modern Chair,Home,99.58,64.22,154
660,Modern Anthology,Books,223.16,153.89,191
661,Illustrated Guide,Books,109.13,54.85,178
662,Wireless Camera,Electronics,192.06,115.91,227
663,Fun Blocks,Toys,221.08,127.8,163
664,Fun Puzzle,Toys,186.41,79.61,130
665,Compact Speaker,Electronics,148.5,91.05,159
666,modern anthology,Books,32.87,13.42,213
667,  Wireless Camera  ,Electronics,124.47,81.4,147
668,Durable Shirt,Clothing,67.63,32.05,214
669,Rustic Table,Home,109.86,47.92,164
670,Interactive Puzzle,Toys,40.73,22.64,183
671,Fun Car,Toys,50.03,20.33,166
672,Educational Doll,Toys,19.42,11.62,195
673,Cozy Lamp,Home,16.69,6.8,195
674,Hardcover Anthology,Books,185.31,91.48,159
675,Durable Sweater,Clothing,12.05,5.05,213
676,Stylish Sweater,Clothing,52.8,32.62,246
677,  Stylish Shirt  ,Clothing,74.11,50.83,200
678,Classic Jacket,Clothing,179.42,88.71,240
679,Stylish Shirt,Clothing,102.27,53.01,128
680,Modern Rug,Home,202.44,123.44,234
681,Portable Speaker,Electronics,241.14,130.05,250
682,Stylish Sweater,Clothing,35.96,23.4,135
683,Interactive Doll,Toys,65.32,33.68,196
684,Elegant Rug,Home,203.82,105.47,202
685,Colorful Car,Toys,165.25,103.43,193
686,Colorful Car,Toys,225.81,107.71,137
687,Modern Novel,Books,188.06,108.49,156
688,Wireless Speaker,Electronics,46.46,23.19,135
689,Rustic Lamp,Home,101.35,54.67,181
690,Hardcover Memoir,Books,159.35,86.39,187
691,Stylish Jacket,Clothing,190.1,108.75,153
692,Colorful Blocks,Toys,39.77,23.19,210
693, Cozy Table ,Home,208.01,93.46,133
694,Smart Headphones,Electronics,30.56,13.82,135
695,Illustrated Novel,Books,238.55,104.65,105
696,Classic Jacket,Clothing,135.99,61.82,242
697,Fun Puzzle,Toys,53.57,35.62,136
698,Educational Blocks,Toys,96.4,49.16,243
699,Rustic Rug,Home,190.34,96.12,186
700,Classic Shirt,Clothing,169.45,79.13,242
701,Wireless Headphones,Electronics,193.78,133.25,175
702,Compact Camera,Electronics,182.24,109.32,120
703,Classic Guide,Books,208.22,99.26,160
704,Illustrated Anthology,Books,69.55,30.47,204
705,Fun Puzzle,Toys,170.47,90.38,200
706,stylish jeans,Clothing,187.2,98.79,181
707,Classic Sweater,Clothing,65.32,35.69,217
708,Modern Anthology,Books,23.72,10.44,195
709,Hardcover Memoir,Books,44.73,25.79,109
710,portable speaker,Electronics,51.39,24.66,236
711,Portable Speaker,Electronics,27.03,15.91,154
712,Rustic Table,Home,43.93,17.68,130
713,Modern Lamp,Home,99.03,63.6,159
714,Cozy Table,Home,8.44,4.27,228
715,Interactive Car,Toys,7.6,4.59,193
716,Cozy Chair,Home,158.27,75.18,154
717,Educational Doll,Toys,63.47,38.45,206
718,Cozy Rug,Home,240.26,142.64,120
719,Smart Headphones,Electronics,86.26,46.51,169
720,Cozy Lamp,Home,136.62,84.7,136
721,Educational Car,Toys,79.74,36.12,248
722,portable speaker,Electronics,83.76,39.78,138
723,Smart Camera,Electronics,66.41,31.22,248
724,Illustrated Memoir,Books,216.28,93.21,218
725,Stylish Jacket,Clothing,184.7,92.23,122
726,Cozy Chair,Home,42.87,19.14,142
727,Hardcover Novel,Books,109.12,71.56,190
728,Comfortable Shirt,Clothing,239.38,151.81,157
729,Portable Monitor,Electronics,246.81,132.6,247
730,Modern Anthology,Books,175.63,85.64,163
731,Modern Table,Home,106.76,65.08,128
732,WIRELESS CAMERA,Electronics,54.69,29.33,209
733,Durable Sweater,Clothing,54.96,35.03,113
734,Interactive Blocks,Toys,173.13,91.33,100
735,Modern Memoir,Books,218.71,98.18,179
736,Classic Novel,Books,55.73,34.17,112
737,Modern Table,Home,92.31,43.87,183
738,Elegant Rug,Home,127.82,62.69,179
739,Fun Blocks,Toys,68.17,42.91,180
740,Wireless Speaker,Electronics,113.58,68.83,241
741,Comfortable Jacket,Clothing,211.61,118.14,248
742,Elegant Table,Home,121.88,69.21,246
743,Elegant Rug,Home,7.6,4.73,250
744,Fun Blocks,Toys,84.93,47.34,195
745,Colorful Doll,Toys,54.98,27.37,203
746,Compact Monitor,Electronics,96.84,38.86,131
747,Compact Headphones,Electronics,137.41,72.36,223
748,Cozy Table,Home,63.09,29.17,104
749,Stylish Jeans,Clothing,195.13,83.41,197
750,Cozy Chair,Home,68.9,41.27,211
751,Interactive Blocks,Toys,200.24,87.06,173
752,Hardcover Novel,Books,141.52,68.92,123
753,Modern Chair,Home,96.15,39.08,193
754,Rustic Rug,Home,106.05,52.72,247
755,  Stylish Jacket  ,Clothing,89.55,49.7,227
756,Portable Monitor,Electronics,111.47,53.47,110
757,CLASSIC ANTHOLOGY,Books,191.33,78.5,134
758,Wireless Speaker,Electronics,97.63,47.68,149
759, Hardcover Guide  ,Books,150.99,101.45,205
760,Classic Jacket,Clothing,54.94,38.29,138
761,Rustic Lamp,Home,149.97,101.0,217
762,Modern Anthology,Books,191.36,109.32,182
763,Educational Car,Toys,131.21,76.3,211
764,Classic Jeans,Clothing,60.01,38.76,155
765,Classic Memoir,Books,42.39,25.99,170
766,Compact Camera,Electronics,78.83,43.58,141
767,Durable Shirt,Clothing,232.88,103.21,203
768,Educational Blocks,Toys,88.65,50.61,243
769,Rustic Chair,Home,219.92,148.81,205
770,Hardcover Novel,Books,172.02,87.43,128
771,Colorful Blocks,Toys,243.7,146.06,166
772,Durable Shirt,Clothing,18.06,11.21,185
773,Compact Monitor,Electronics,22.77,10.22,109
774,Educational Car,Toys,139.59,63.41,236
775,Educational Doll,Toys,248.39,156.42,231
776,Hardcover Novel,Books,187.02,102.58,168
777,Colorful Doll,Toys,86.15,49.88,109
778,Colorful Blocks,Toys,107.07,67.87,196
779,Stylish Sweater,Clothing,61.08,29.75,163
780, Colorful Puzzle  ,Toys,188.89,96.21,156
781,Colorful Blocks,Toys,194.43,99.37,238
782,Cozy Chair,Home,63.56,28.44,188
783,Stylish Sweater,Clothing,28.81,18.6,202
784,  Fun Car  ,Toys,162.09,83.89,142
785,Comfortable Sweater,Clothing,172.74,109.16,218
786,  Educational Blocks  ,Toys,25.79,16.88,120
787,Interactive Puzzle,Toys,85.3,55.73,161
788,Smart Monitor,Electronics,114.79,64.95,238
789,Smart Speaker,Electronics,224.04,138.47,186
790,Classic Jeans,Clothing,159.1,79.93,121
791,Portable Camera,Electronics,78.9,37.04,101
792,Illustrated Novel,Books,191.58,81.12,131
793,Illustrated Guide,Books,69.0,40.75,199
794,Modern Table,Home,143.87,87.53,208
795,Wireless Headphones,Electronics,118.2,61.84,199
796,Educational Car,Toys,41.36,24.18,105
797,ELEGANT RUG,Home,116.68,69.11,213
798,Elegant Rug,Home,137.67,84.09,236
799,Wireless Monitor,Electronics,35.86,21.76,226
800,Compact Monitor,Electronics,147.28,70.96,205
801,Durable Jacket,Clothing,45.29,28.68,121
802,Portable Camera,Electronics,146.77,61.0,106
803,Fun Blocks,Toys,106.23,53.12,145
804,Compact Headphones,Electronics,69.03,45.58,236
805,Hardcover Memoir,Books,67.4,39.32,146
806,Compact Camera,Electronics,147.82,72.95,105
807,Hardcover Anthology,Books,159.78,92.7,205
808,Interactive Puzzle,Toys,245.06,133.49,106
809,Cozy Lamp,Home,123.67,86.2,207
810,Cozy Rug,Home,203.16,98.83,139
811,stylish shirt,Clothing,192.01,106.8,220
812,Classic Jacket,Clothing,53.48,26.23,213
813,Smart Monitor,Electronics,164.28,66.44,223
814,Cozy Chair,Home,23.77,10.31,229
815,Rustic Rug,Home,244.65,124.34,150
816,Durable Jacket,Clothing,212.95,96.23,122
817,Educational Blocks,Toys,27.52,18.4,119
818,Educational Car,Toys,140.2,93.33,168
819,Smart Speaker,Electronics,176.51,114.86,121
820,Elegant Rug,Home,46.22,18.71,117
821,Fun Blocks,Toys,171.02,99.72,202
822,Colorful Car,Toys,243.4,139.35,224
823,  Wireless Camera ,Electronics,31.78,21.74,107
824,Hardcover Novel,Books,39.17,23.97,111
825,Compact Monitor,Electronics,157.81,87.32,231
826,Stylish Jacket,Clothing,61.93,25.53,212
827,Portable Camera,Electronics,10.52,6.14,127
828,Compact Camera,Electronics,188.24,115.04,148
829,Cozy Rug,Home,163.82,104.17,119
830,Portable Camera,Electronics,142.75,79.4,199
831,Hardcover Guide,Books,143.88,93.28,120
832,Elegant Lamp,Home,191.42,89.83,183
833,Classic Memoir,Books,76.89,37.31,140
834,Smart Speaker,Electronics,40.1,24.51,145
835,Elegant Table,Home,101.4,65.04,159
836,stylish shirt,Clothing,17.77,11.28,221
837,Stylish Shirt,Clothing,197.55,100.0,136
838,modern rug,Home,161.48,67.82,148
839, Elegant Lamp ,Home,97.92,58.25,144
840,Classic Sweater,Clothing,104.72,69.39,202
841,Rustic Table,Home,161.92,65.61,156
842, Rustic Lamp ,Home,129.82,56.62,117
843,Hardcover Memoir,Books,140.6,80.4,130
844,Elegant Chair,Home,174.79,116.15,122
845,Interactive Car,Toys,220.87,113.3,158
846,Fun Blocks,Toys,32.08,21.04,209
847,Portable Camera,Electronics,135.75,73.57,179
848,Modern Anthology,Books,169.35,100.74,149
849,Comfortable Shirt,Clothing,162.39,97.88,102
850,Classic Jacket,Clothing,219.91,91.48,184
851,Modern Memoir,Books,198.1,135.46,208
852,Stylish Jeans,Clothing,163.94,100.57,102
853,Educational Car,Toys,101.57,55.6,171
854, Durable Sweater ,Clothing,230.25,115.62,203
855,Wireless Speaker,Electronics,153.32,92.3,116
856,Comfortable Jeans,Clothing,213.55,132.05,187
857,Cozy Rug,Home,14.13,6.6,180
858,Cozy Chair,Home,178.01,83.8,249
859,Portable Speaker,Electronics,158.88,72.85,161
860,Fun Doll,Toys,100.13,55.57,148
861,Hardcover Novel,Books,89.49,43.99,234
862,ILLUSTRATED NOVEL,Books,97.04,45.96,118
863,Durable Shirt,Clothing,117.98,59.27,160
864,Fun Puzzle,Toys,166.22,67.21,191
865,Comfortable Sweater,Clothing,208.22,117.23,102
866,Wireless Speaker,Electronics,109.72,66.47,193
867,Modern Novel,Books,71.05,31.99,190
868,Illustrated Memoir,Books,212.88,141.62,129
869,modern memoir,Books,116.27,59.53,226
870,cozy rug,Home,47.9,31.15,106
871,Classic Shirt,Clothing,161.82,85.64,143
872, smart headphones  ,Electronics,129.3,60.45,151
873,Durable Sweater,Clothing,68.52,32.24,145
874,Educational Blocks,Toys,195.94,136.93,147
875,Fun Blocks,Toys,87.37,45.5,177
876,  Smart Monitor  ,Electronics,5.76,2.96,113
877,Fun Doll,Toys,71.64,31.57,107
878,Stylish Shirt,Clothing,156.35,81.79,170
879,Classic Novel,Books,80.23,50.98,193
880,Cozy Rug,Home,174.67,94.86,186
881,Colorful Doll,Toys,38.58,26.91,248
882,Stylish Sweater,Clothing,34.81,16.89,172
883,Modern Rug,Home,63.87,43.56,179
884,Classic Anthology,Books,160.89,66.45,204
885,Portable Speaker,Electronics,31.4,18.0,106
886,Compact Monitor,Electronics,79.95,49.95,168
887,Classic Memoir,Books,132.42,68.86,169
888,Classic Jeans,Clothing,105.62,53.33,146
889,Elegant Rug,Home,204.64,105.52,196
890,Classic Novel,Books,62.72,43.61,228
891,Smart Headphones,Electronics,35.99,17.87,172
892,Comfortable Jeans,Clothing,202.45,128.61,245
893,Compact Camera,Electronics,225.72,94.81,237
894,Modern Chair,Home,42.52,17.65,109
895,Educational Doll,Toys,147.38,90.22,186
896,stylish jacket,Clothing,241.72,139.18,208
897,Cozy Table,Home,162.75,83.34,141
898,  Stylish Shirt ,Clothing,52.72,27.16,205
899,Modern Anthology,Books,145.87,64.64,225
900,Cozy Chair,Home,192.36,89.0,189
901,Hardcover Anthology,Books,12.27,7.79,109
902,Comfortable Jacket,Clothing,214.75,104.78,102
903,Cozy Rug,Home,37.43,19.73,214
904,Educational Puzzle,Toys,209.41,88.41,160
905,Smart Monitor,Electronics,182.76,125.8,159
906,ILLUSTRATED MEMOIR,Books,162.0,110.19,121
907,Hardcover Novel,Books,149.81,70.25,187
908,Rustic Chair,Home,139.34,86.06,119
909,Compact Monitor,Electronics,7.35,4.69,188
910,Modern Table,Home,20.98,9.21,161
911,Modern Guide,Books,239.43,153.7,233
912,DURABLE JEANS,Clothing,90.77,53.6,196
913,Smart Headphones,Electronics,173.77,102.94,163
914,Elegant Rug,Home,82.24,40.65,140
915,DURABLE SWEATER,Clothing,164.65,82.91,157
916,Stylish Jeans,Clothing,64.89,34.13,160
917,Educational Blocks,Toys,140.5,88.78,222
918,Modern Guide,Books,193.63,124.54,149
919,Modern Rug,Home,118.81,63.41,250
920, Cozy Rug  ,Home,162.12,74.91,197
921,Cozy Lamp,Home,201.45,104.85,152
922,elegant rug,Home,180.24,93.93,179
923,Wireless Monitor,Electronics,67.68,31.18,177
924,Wireless Camera,Electronics,40.68,24.72,103
925,Educational Doll,Toys,69.82,43.85,184
926,Rustic Lamp,Home,40.78,19.26,148
927,Hardcover Memoir,Books,171.84,106.67,198
928,Smart Monitor,Electronics,16.04,9.08,151
929,Classic Jacket,Clothing,31.14,15.19,122
930,Portable Speaker,Electronics,126.76,62.84,115
931,Educational Blocks,Toys,24.02,10.72,159
932,Interactive Doll,Toys,208.24,119.28,180
933,Colorful Puzzle,Toys,7.31,4.93,151
934,Comfortable Jeans,Clothing,244.83,150.44,169
935,Compact Camera,Electronics,37.39,22.82,241
936,Modern Anthology,Books,33.23,13.98,151
937,Elegant Table,Home,170.55,103.58,207
938,  MODERN MEMOIR ,Books,21.98,14.13,205
939,Compact Headphones,Electronics,118.66,68.06,236
940,Modern Rug,Home,82.27,48.59,223
941,Educational Doll,Toys,149.98,89.55,144
942,Colorful Doll,Toys,158.97,108.2,244
943,Rustic Lamp,Home,165.96,85.3,206
944,Rustic Table,Home,41.92,24.87,104
945, Comfortable Jacket  ,Clothing,198.85,109.63,170
946,Rustic Table,Home,193.55,122.08,119
947,Rustic Lamp,Home,51.78,34.14,209
948,Illustrated Guide,Books,225.76,131.17,193
949,Stylish Sweater,Clothing,34.6,16.84,163
950,Smart Camera,Electronics,145.47,72.77,187
951,  Compact Monitor  ,Electronics,26.47,11.1,245
952,Rustic Chair,Home,190.81,85.19,226
953,  Portable Speaker ,Electronics,155.09,91.69,176
954,Illustrated Novel,Books,70.23,46.25,213
955,educational puzzle,Toys,162.74,68.1,154
956,Classic Sweater,Clothing,145.77,78.8,222
957,Interactive Blocks,Toys,16.74,11.62,203
958,Illustrated Novel,Books,199.37,87.5,159
959,Cozy Rug,Home,240.61,145.43,203
960,Rustic Lamp,Home,116.08,54.34,139
961,  Classic Sweater  ,Clothing,221.75,149.6,217
962,Colorful Doll,Toys,214.38,116.55,155
963,Educational Blocks,Toys,119.35,81.55,249
964,Modern Lamp,Home,215.41,106.45,129
965,Illustrated Anthology,Books,205.1,124.63,177
966,Stylish Jacket,Clothing,176.4,88.94,200
967,Colorful Blocks,Toys,32.77,15.4,156
968,Illustrated Memoir,Books,104.24,59.34,149
969,Portable Monitor,Electronics,45.08,19.46,107
970,Wireless Speaker,Electronics,105.74,66.24,212
971,Comfortable Shirt,Clothing,207.56,84.62,187
972,Colorful Puzzle,Toys,23.68,14.16,190
973,Educational Doll,Toys,48.26,26.47,105
974,Fun Puzzle,Toys,204.36,115.92,241
975,Elegant Rug,Home,62.84,25.18,140
976,classic sweater,Clothing,85.96,40.96,233
977,Classic Shirt,Clothing,180.86,78.42,232
978, Wireless Speaker  ,Electronics,200.42,131.37,119
979, Smart Headphones  ,Electronics,110.25,56.44,194
980, Colorful Car  ,Toys,213.4,86.79,249
981,Educational Doll,Toys,158.77,101.52,220
982,Comfortable Sweater,Clothing,191.1,125.06,133
983,Durable Sweater,Clothing,173.25,110.19,211
984,Portable Camera,Electronics,207.34,143.21,138
985,Stylish Jacket,Clothing,66.48,41.28,197
986,Comfortable Jacket,Clothing,210.42,143.89,250
987,Hardcover Guide,Books,236.73,96.15,127
988,Classic Shirt,Clothing,148.27,80.79,149
989,Hardcover Memoir,Books,45.33,18.41,106
990,Wireless Monitor,Electronics,236.68,120.58,130
991,Durable Jeans,Clothing,93.52,42.38,126
992,Cozy Table,Home,204.74,132.95,129
993,Smart Monitor,Electronics,235.06,147.14,194
994,Stylish Sweater,Clothing,146.5,102.02,150
995,Educational Puzzle,Toys,89.07,41.09,227
996,Modern Rug,Home,127.37,58.07,172
997, Educational Puzzle  ,Toys,197.33,108.27,190
998,Rustic Chair,Home,49.06,25.44,101
999,Hardcover Novel,Books,52.53,26.0,216
1000,Stylish Jeans,Clothing,141.41,96.97,148
1001,Educational Doll,Toys,170.96,84.42,195
1002, Modern Memoir  ,Books,90.85,48.96,222
1003,Comfortable Jacket,Clothing,187.0,85.65,119
1004,Interactive Doll,Toys,44.63,23.05,230
1005,Classic Memoir,Books,113.61,66.7,114
1006,Educational Doll,Toys,73.46,46.82,234
1007,Elegant Rug,Home,7.74,3.48,234
1008,Cozy Lamp,Home,62.17,35.73,125
1009,Interactive Blocks,Toys,143.63,67.45,120
1010,Elegant Chair,Home,56.99,38.72,207
1011,Smart Monitor,Electronics,46.02,29.81,145
1012,  Classic Jacket  ,Clothing,244.37,152.62,231
1013,Classic Jeans,Clothing,56.21,22.89,180
1014,Smart Monitor,Electronics,155.85,84.56,215
1015,FUN DOLL,Toys,64.27,31.78,175
1016,Wireless Monitor,Electronics,24.32,13.74,232
1017,Compact Headphones,Electronics,206.3,89.46,190
1018,Portable Headphones,Electronics,106.48,68.53,140
1019,Portable Camera,Electronics,172.04,99.85,186
1020,Stylish Jeans,Clothing,30.1,12.32,247
1021,Hardcover Novel,Books,88.25,55.44,210
1022,Compact Monitor,Electronics,109.71,60.41,121
1023,Interactive Doll,Toys,91.72,42.5,181
1024,Educational Car,Toys,107.6,66.21,222
1025,Rustic Table,Home,209.05,101.13,218
1026,Stylish Sweater,Clothing,229.35,103.68,135
1027,Rustic Rug,Home,237.85,164.42,158
1028,Educational Blocks,Toys,227.33,111.34,246
1029, Modern Table  ,Home,195.62,125.68,140
1030,Modern Anthology,Books,138.44,92.38,209
1031,Modern Chair,Home,187.85,129.93,138
1032,classic jeans,Clothing,89.44,39.62,171
1033,Educational Doll,Toys,108.42,70.2,186
1034,Classic Novel,Books,142.27,88.14,179
1035,Modern Table,Home,77.07,38.63,132
1036,  fun blocks ,Toys,83.31,36.22,250
1037,Modern Lamp,Home,222.3,130.99,243
1038,Modern Guide,Books,27.21,15.36,238
1039,Colorful Blocks,Toys,207.52,113.19,171
1040,Hardcover Anthology,Books,22.53,11.52,185
1041,Durable Jacket,Clothing,185.88,94.91,154
1042,Classic Anthology,Books,36.22,19.84,118
1043,Stylish Jeans,Clothing,7.81,3.13,149
1044,Comfortable Jacket,Clothing,112.85,72.79,144
1045,Portable Speaker,Electronics,226.53,90.69,139
1046,Educational Blocks,Toys,103.02,43.85,156
1047,Educational Blocks,Toys,164.57,82.91,234
1048,Fun Blocks,Toys,156.6,94.79,202
1049,Stylish Sweater,Clothing,20.0,9.82,112
1050,Cozy Table,Home,189.87,121.83,188
1051,Compact Speaker,Electronics,139.85,73.84,192
1052,Compact Monitor,Electronics,196.09,92.12,205
1053,Modern Rug,Home,189.47,127.37,121
1054,Portable Speaker,Electronics,205.26,110.79,212
1055,Illustrated Novel,Books,184.18,77.09,171
1056,Classic Novel,Books,247.02,132.77,188
1057,Illustrated Memoir,Books,83.11,48.99,119
1058,Compact Headphones,Electronics,33.43,14.99,226
1059,Durable Jacket,Clothing,197.65,108.09,158
1060,Illustrated Memoir,Books,9.44,6.58,130
1061,Fun Car,Toys,17.99,12.08,131
1062,Educational Puzzle,Toys,117.25,78.62,148
1063,Classic Shirt,Clothing,148.96,64.83,126
1064,Elegant Rug,Home,48.21,22.09,166
1065,Smart Headphones,Electronics,103.82,54.18,130
1066,Hardcover Guide,Books,99.99,66.66,229
1067,Modern Lamp,Home,74.09,47.49,180
1068,Colorful Car,Toys,227.14,135.31,236
1069,Smart Speaker,Electronics,245.54,168.94,170
1070,Comfortable Sweater,Clothing,161.85,95.83,138
1071,Wireless Monitor,Electronics,160.31,64.58,119
1072,Compact Camera,Electronics,37.54,24.12,233
1073,Modern Novel,Books,68.9,42.42,116
1074,  stylish sweater ,Clothing,160.01,93.21,172
1075,Classic Guide,Books,12.44,8.44,149
1076, Classic Sweater  ,Clothing,71.77,36.88,207
1077,Rustic Rug,Home,127.41,67.74,181
1078,Modern Chair,Home,111.79,60.84,194
1079,Elegant Rug,Home,100.82,42.5,199
1080,Hardcover Novel,Books,85.73,42.34,228
1081,Modern Chair,Home,79.5,36.31,220
1082,Wireless Headphones,Electronics,29.54,18.44,221
1083,  Elegant Lamp  ,Home,36.46,24.0,172
1084,Comfortable Shirt,Clothing,76.98,46.71,162
1085,Hardcover Anthology,Books,69.32,44.46,227
1086,Stylish Shirt,Clothing,32.69,21.77,237
1087,Compact Headphones,Electronics,142.41,62.75,217
1088,Durable Jeans,Clothing,136.55,89.08,105
1089,Interactive Blocks,Toys,131.37,72.52,142
1090,Durable Sweater,Clothing,43.35,19.98,114
1091,Rustic Table,Home,229.24,116.81,111
1092,Portable Headphones,Electronics,25.29,16.78,108
1093,Classic Jacket,Clothing,63.46,42.14,211
1094,Portable Speaker,Electronics,94.72,38.93,113
1095,Portable Headphones,Electronics,56.64,36.42,165
1096,Rustic Rug,Home,247.84,113.5,122
1097,Classic Novel,Books,101.31,60.38,161
1098,Colorful Blocks,Toys,124.68,68.31,201
1099, Hardcover Novel ,Books,139.74,87.91,221
1100,Modern Novel,Books,56.31,26.3,176
1101,Durable Shirt,Clothing,196.3,100.38,199
1102,Educational Car,Toys,164.2,93.61,155
1103,Classic Jacket,Clothing,181.35,119.35,113
1104,Interactive Puzzle,Toys,223.54,126.01,140
1105,Cozy Chair,Home,41.69,25.45,209
1106,Rustic Rug,Home,191.99,95.15,161
1107,Portable Camera,Electronics,59.69,31.86,127
1108,Colorful Puzzle,Toys,16.81,7.22,189
1109,Rustic Table,Home,6.16,3.93,228
1110,Illustrated Guide,Books,76.56,35.74,214
1111,Modern Lamp,Home,117.3,77.31,191
1112, Modern Guide  ,Books,18.72,10.62,144
1113,Illustrated Anthology,Books,186.07,119.11,225
1114,Stylish Jeans,Clothing,222.69,140.86,156
1115,Rustic Chair,Home,215.69,116.21,144
1116,Illustrated Memoir,Books,103.91,68.84,210
1117,Stylish Shirt,Clothing,179.33,72.8,140
1118,Stylish Sweater,Clothing,248.51,127.03,237
1119,Modern Chair,Home,184.5,75.89,198
1120,Colorful Puzzle,Toys,18.34,8.98,122
1121,Durable Sweater,Clothing,78.64,42.63,248
1122, Educational Car ,Toys,231.25,114.45,181
1123,Stylish Jeans,Clothing,236.15,154.03,241
1124,Rustic Rug,Home,67.44,31.95,100
1125,Modern Memoir,Books,78.85,36.98,200
1126,Portable Headphones,Electronics,43.1,20.45,244
1127,Colorful Blocks,Toys,136.27,65.69,173
1128,Modern Chair,Home,39.53,24.42,133
1129,Educational Puzzle,Toys,67.09,31.64,133
1130,Educational Car,Toys,79.23,40.58,179
1131,Fun Car,Toys,31.82,14.87,201
1132,Fun Doll,Toys,117.19,67.04,186
1133,Hardcover Memoir,Books,111.96,59.97,110
1134,Cozy Rug,Home,56.06,33.94,222
1135, CLASSIC NOVEL  ,Books,84.7,35.31,243
1136,COLORFUL DOLL,Toys,81.85,44.39,242
1137,Modern Chair,Home,20.54,11.84,159
1138,  Modern Chair  ,Home,153.31,79.69,162
1139,  Fun Puzzle  ,Toys,83.64,35.14,218
1140,Elegant Table,Home,93.75,58.89,222
1141,Hardcover Guide,Books,196.47,102.6,241
1142,Classic Novel,Books,171.84,118.33,247
1143,Stylish Jacket,Clothing,52.37,27.29,114
1144,Colorful Car,Toys,194.1,133.0,170
1145,Interactive Blocks,Toys,226.17,136.82,199
1146,  Illustrated Novel  ,Books,30.58,12.23,238
1147,Portable Monitor,Electronics,61.69,32.67,175
1148,Durable Jeans,Clothing,30.27,20.12,134
1149,Modern Rug,Home,151.88,102.26,206
1150,Modern Table,Home,188.61,101.13,179
1151,HARDCOVER NOVEL,Books,148.62,94.24,125
1152,Illustrated Novel,Books,182.52,107.34,110
1153,Fun Blocks,Toys,31.5,16.12,155
1154,Stylish Sweater,Clothing,56.61,23.06,130
1155,Educational Doll,Toys,93.9,44.13,169
1156,Durable Shirt,Clothing,206.68,86.38,236
1157,Interactive Blocks,Toys,19.32,9.07,217
1158,Portable Monitor,Electronics,108.24,53.31,118
1159,  Cozy Chair  ,Home,109.23,66.18,149
1160,Modern Rug,Home,26.44,11.11,196
1161,Elegant Lamp,Home,190.91,110.58,123
1162,Colorful Puzzle,Toys,216.83,121.42,230
1163,Durable Shirt,Clothing,121.13,64.5,250
1164,Classic Anthology,Books,123.3,61.24,142
1165,Comfortable Shirt,Clothing,130.35,78.81,209
1166,Compact Monitor,Electronics,122.47,59.59,195
1167,Classic Memoir,Books,101.26,60.38,175
1168,Smart Monitor,Electronics,9.15,6.03,153
1169,Smart Camera,Electronics,210.53,97.38,173
1170,COMFORTABLE SWEATER,Clothing,169.18,72.46,105
1171,Portable Monitor,Electronics,26.6,15.16,127
1172,Rustic Chair,Home,110.55,50.09,110
1173,Rustic Chair,Home,63.8,25.64,247
1174,Portable Monitor,Electronics,147.93,63.67,222
1175,Smart Speaker,Electronics,215.27,104.32,250
1176,Compact Speaker,Electronics,207.18,142.67,112
1177,Comfortable Sweater,Clothing,115.67,78.28,227
1178,Durable Shirt,Clothing,174.83,110.44,208
1179,Smart Speaker,Electronics,84.82,39.07,112
1180,Wireless Headphones,Electronics,245.1,163.21,128
1181,Educational Doll,Toys,233.08,138.1,182
1182,Portable Headphones,Electronics,98.24,59.59,113
1183,Smart Headphones,Electronics,154.46,98.0,240
1184,Portable Monitor,Electronics,109.33,57.19,142
1185,Comfortable Jacket,Clothing,199.3,128.27,139
1186, Wireless Headphones ,Electronics,29.23,13.67,136
1187,Cozy Lamp,Home,179.81,91.99,147
1188,Colorful Doll,Toys,101.35,40.58,186
1189,Colorful Doll,Toys,75.19,50.12,226
1190,Wireless Headphones,Electronics,196.04,91.26,121
1191, Smart Camera  ,Electronics,200.81,134.02,175
1192, stylish sweater  ,Clothing,197.02,136.74,139
1193,Colorful Puzzle,Toys,228.17,144.59,200
1194,Modern Guide,Books,124.63,84.62,211
1195,Classic Jeans,Clothing,130.65,56.65,100
1196,Stylish Shirt,Clothing,189.33,94.33,206
1197,Stylish Sweater,Clothing,178.19,124.2,190
1198,Portable Headphones,Electronics,231.34,156.16,210
1199,Comfortable Sweater,Clothing,243.21,161.35,241
1200,Educational Car,Toys,99.95,68.06,230
1201,Classic Memoir,Books,54.78,25.23,177
1202,Durable Sweater,Clothing,170.09,82.42,210
1203,Illustrated Memoir,Books,39.74,24.33,136
1204,Colorful Car,Toys,94.04,54.4,248
1205,Wireless Headphones,Electronics,71.03,33.28,171
1206,Hardcover Novel,Books,232.09,99.14,136
1207,Modern Chair,Home,145.47,85.83,181
1208,Hardcover Memoir,Books,238.78,143.03,233
1209,Colorful Blocks,Toys,186.27,109.88,172
1210,Classic Sweater,Clothing,75.86,44.37,115
1211,Educational Doll,Toys,225.02,157.32,152
1212,Classic Sweater,Clothing,163.23,81.24,192
1213,Cozy Chair,Home,81.53,50.38,208
1214,Cozy Lamp,Home,174.42,107.41,166
1215,Wireless Camera,Electronics,191.98,117.16,242
1216,  Cozy Lamp ,Home,173.9,78.38,232
1217,  Comfortable Jeans ,Clothing,239.73,113.69,138
1218,Smart Speaker,Electronics,85.66,59.47,129
1219,Hardcover Novel,Books,72.22,48.7,157
1220,Fun Car,Toys,75.93,52.34,106
1221,Illustrated Memoir,Books,104.36,62.82,191
1222,Compact Camera,Electronics,225.54,151.49,131
1223,Rustic Chair,Home,77.78,53.43,201
1224,Classic Jacket,Clothing,146.25,74.63,222
1225,Classic Novel,Books,236.32,139.91,135
1226,Compact Camera,Electronics,164.59,105.72,222
1227,Stylish Sweater,Clothing,129.78,52.92,119
1228,Comfortable Jeans,Clothing,179.24,108.33,167
1229,Comfortable Jacket,Clothing,198.23,114.42,130
1230,Stylish Jacket,Clothing,7.99,3.28,125
1231,  Educational Blocks  ,Toys,7.68,4.73,133
1232,Wireless Monitor,Electronics,187.69,92.49,213
1233,Smart Speaker,Electronics,226.3,122.24,123
1234,portable monitor,Electronics,22.87,9.38,173
1235,Colorful Car,Toys,103.2,69.68,227
1236,Hardcover Guide,Books,17.24,10.79,159
1237,Modern Guide,Books,158.13,87.15,247
1238,Compact Speaker,Electronics,62.32,28.88,220
1239,Fun Doll,Toys,134.84,68.71,223
1240,Stylish Sweater,Clothing,198.53,123.55,144
1241,Cozy Rug,Home,218.67,106.07,223
1242,Colorful Car,Toys,82.03,41.17,137
1243,Illustrated Memoir,Books,85.23,51.93,199
1244,Rustic Rug,Home,106.52,62.51,172
1245,Compact Headphones,Electronics,104.44,53.43,159
1246,Durable Sweater,Clothing,170.05,102.61,135
1247,Portable Monitor,Electronics,147.88,96.1,199
1248,  Portable Monitor  ,Electronics,51.62,31.91,186
1249,Hardcover Guide,Books,60.62,34.22,148
1250,Cozy Table,Home,122.31,54.75,130
1251,Hardcover Anthology,Books,181.33,89.94,107
1252,Hardcover Anthology,Books,77.2,36.31,183
1253,Modern Rug,Home,149.3,95.74,121
1254,Stylish Jeans,Clothing,234.52,128.19,219
1255,Fun Blocks,Toys,99.69,43.49,156
1256,Wireless Speaker,Electronics,117.09,61.34,141
1257,Interactive Doll,Toys,75.97,41.4,231
1258,  Elegant Table  ,Home,82.51,43.39,132
1259,Durable Shirt,Clothing,118.56,67.14,197
1260,Cozy Rug,Home,208.83,112.75,235
1261,Educational Doll,Toys,211.97,114.59,239
1262,Elegant Table,Home,35.32,16.65,166
1263,comfortable sweater,Clothing,239.09,98.89,222
1264,Comfortable Jacket,Clothing,38.13,20.29,233
1265, Classic Novel  ,Books,98.17,42.4,135
1266,Compact Monitor,Electronics,199.2,89.16,244
1267,Elegant Rug,Home,65.63,33.73,109
1268,Comfortable Jacket,Clothing,201.3,102.98,234
1269,Modern Guide,Books,245.25,166.22,237
1270,Modern Anthology,Books,239.45,135.58,138
1271,Rustic Lamp,Home,200.63,134.04,148
1272,Colorful Puzzle,Toys,44.49,20.65,133
1273,Durable Sweater,Clothing,24.82,16.43,189
1274,DURABLE SHIRT,Clothing,109.33,55.7,122
1275,Colorful Puzzle,Toys,79.53,34.43,248
1276,Rustic Rug,Home,230.25,125.31,125
1277,Modern Anthology,Books,212.85,104.98,225
1278,Classic Jeans,Clothing,91.54,55.12,119
1279,Elegant Chair,Home,44.7,18.89,128
1280,Stylish Jeans,Clothing,163.93,95.15,211
1281,Elegant Rug,Home,115.45,65.76,157
1282,Classic Anthology,Books,61.08,29.98,149
1283,Smart Camera,Electronics,36.7,22.92,129
1284,Interactive Car,Toys,45.75,18.3,138
1285,Smart Headphones,Electronics,92.07,42.29,131
1286,Cozy Lamp,Home,73.29,31.46,160
